State,Occupation,Action,SEO_Description
California,Lawyer,Encrypt PDF,"In the high-stakes world of California's evidence admissibility sector, a Lawyer cannot risk data breaches. Effectively secure your documents with our Encrypt PDF solution. Designed for handling discovery documents, it guarantees that specific Attorney-Client Privilege standards are met."
California,Lawyer,Merge PDF,"In the high-stakes world of California's evidence admissibility sector, a Lawyer cannot risk data breaches. Effectively consolidate your documents with our Merge PDF solution. Designed for handling discovery documents, it guarantees that specific Attorney-Client Privilege standards are met."
California,Lawyer,Word to PDF,"Streamline your workflow without compromising on Attorney-Client Privilege. Our Word to PDF utility allows every California-based Lawyer to preserve formatting and prevent unauthorized editing of contracts. It is the ultimate utility for handling discovery documents, ensuring your practice stays strictly confidential and efficient."
California,Lawyer,Compress PDF,"For professional Lawyers in California, maintaining Attorney-Client Privilege is non-negotiable. Use our Compress PDF tool to email large case files without hitting server attachment limits. Whether you are handling discovery documents or archiving records, ensure your workflow remains strictly confidential."
California,Lawyer,Split PDF,"In the high-stakes world of California's evidence admissibility sector, a Lawyer cannot risk data breaches. Effectively extract your documents with our Split PDF solution. Designed for handling discovery documents, it guarantees that specific Attorney-Client Privilege standards are met."
California,Lawyer,OCR PDF,"For professional Lawyers in California, maintaining Attorney-Client Privilege is non-negotiable. Use our OCR PDF tool to make scanned archives fully searchable and editable. Whether you are handling discovery documents or archiving records, ensure your workflow remains strictly confidential."
California,Doctor,Encrypt PDF,"Securely secure your critical files using advanced AES-256 encryption. Tailored for the Doctor in California, this tool addresses the unique challenge of managing patient health records (PHI). Uphold HIPAA regulations and protect your clients' interests with every document processed."
California,Doctor,Merge PDF,"Securely consolidate your critical files using advanced seamless document stitching. Tailored for the Doctor in California, this tool addresses the unique challenge of managing patient health records (PHI). Uphold HIPAA regulations and protect your clients' interests with every document processed."
California,Doctor,Word to PDF,"In the high-stakes world of California's patient privacy sector, a Doctor cannot risk data breaches. Effectively convert your documents with our Word to PDF solution. Designed for managing patient health records (PHI), it guarantees that specific HIPAA regulations standards are met."
California,Doctor,Compress PDF,"For professional Doctors in California, maintaining HIPAA regulations is non-negotiable. Use our Compress PDF tool to email large case files without hitting server attachment limits. Whether you are managing patient health records (PHI) or archiving records, ensure your workflow remains medically compliant."
California,Doctor,Split PDF,"In the high-stakes world of California's patient privacy sector, a Doctor cannot risk data breaches. Effectively extract your documents with our Split PDF solution. Designed for managing patient health records (PHI), it guarantees that specific HIPAA regulations standards are met."
California,Doctor,OCR PDF,"In the high-stakes world of California's patient privacy sector, a Doctor cannot risk data breaches. Effectively digitize your documents with our OCR PDF solution. Designed for managing patient health records (PHI), it guarantees that specific HIPAA regulations standards are met."
California,Accountant,Encrypt PDF,"In the high-stakes world of California's financial data integrity sector, a Accountant cannot risk data breaches. Effectively secure your documents with our Encrypt PDF solution. Designed for preparing tax audits, it guarantees that specific SOX and IRS guidelines standards are met."
California,Accountant,Merge PDF,"For professional Accountants in California, maintaining SOX and IRS guidelines is non-negotiable. Use our Merge PDF tool to combine scattered evidence and reports into a single cohesive dossier. Whether you are preparing tax audits or archiving records, ensure your workflow remains audit-ready."
California,Accountant,Word to PDF,"Securely convert your critical files using advanced pixel-perfect layout preservation. Tailored for the Accountant in California, this tool addresses the unique challenge of preparing tax audits. Uphold SOX and IRS guidelines and protect your clients' interests with every document processed."
California,Accountant,Compress PDF,"Streamline your workflow without compromising on SOX and IRS guidelines. Our Compress PDF utility allows every California-based Accountant to email large case files without hitting server attachment limits. It is the ultimate utility for preparing tax audits, ensuring your practice stays audit-ready and efficient."
California,Accountant,Split PDF,"Streamline your workflow without compromising on SOX and IRS guidelines. Our Split PDF utility allows every California-based Accountant to isolate specific pages from large regulatory filings. It is the ultimate utility for preparing tax audits, ensuring your practice stays audit-ready and efficient."
California,Accountant,OCR PDF,"In the high-stakes world of California's financial data integrity sector, a Accountant cannot risk data breaches. Effectively digitize your documents with our OCR PDF solution. Designed for preparing tax audits, it guarantees that specific SOX and IRS guidelines standards are met."
California,HR Manager,Encrypt PDF,"In the high-stakes world of California's personnel data protection sector, a HR Manager cannot risk data breaches. Effectively secure your documents with our Encrypt PDF solution. Designed for archiving employee contracts, it guarantees that specific GDPR and labor laws standards are met."
California,HR Manager,Merge PDF,"Securely consolidate your critical files using advanced seamless document stitching. Tailored for the HR Manager in California, this tool addresses the unique challenge of archiving employee contracts. Uphold GDPR and labor laws and protect your clients' interests with every document processed."
California,HR Manager,Word to PDF,"In the high-stakes world of California's personnel data protection sector, a HR Manager cannot risk data breaches. Effectively convert your documents with our Word to PDF solution. Designed for archiving employee contracts, it guarantees that specific GDPR and labor laws standards are met."
California,HR Manager,Compress PDF,"Securely optimize your critical files using advanced lossless compression algorithms. Tailored for the HR Manager in California, this tool addresses the unique challenge of archiving employee contracts. Uphold GDPR and labor laws and protect your clients' interests with every document processed."
California,HR Manager,Split PDF,"For professional HR Managers in California, maintaining GDPR and labor laws is non-negotiable. Use our Split PDF tool to isolate specific pages from large regulatory filings. Whether you are archiving employee contracts or archiving records, ensure your workflow remains discreet."
California,HR Manager,OCR PDF,"Securely digitize your critical files using advanced optical character recognition. Tailored for the HR Manager in California, this tool addresses the unique challenge of archiving employee contracts. Uphold GDPR and labor laws and protect your clients' interests with every document processed."
California,Detective,Encrypt PDF,"Securely secure your critical files using advanced AES-256 encryption. Tailored for the Detective in California, this tool addresses the unique challenge of compiling case reports. Uphold Chain of Custody protocols and protect your clients' interests with every document processed."
California,Detective,Merge PDF,"Securely consolidate your critical files using advanced seamless document stitching. Tailored for the Detective in California, this tool addresses the unique challenge of compiling case reports. Uphold Chain of Custody protocols and protect your clients' interests with every document processed."
California,Detective,Word to PDF,"Streamline your workflow without compromising on Chain of Custody protocols. Our Word to PDF utility allows every California-based Detective to preserve formatting and prevent unauthorized editing of contracts. It is the ultimate utility for compiling case reports, ensuring your practice stays forensic and efficient."
California,Detective,Compress PDF,"For professional Detectives in California, maintaining Chain of Custody protocols is non-negotiable. Use our Compress PDF tool to email large case files without hitting server attachment limits. Whether you are compiling case reports or archiving records, ensure your workflow remains forensic."
California,Detective,Split PDF,"For professional Detectives in California, maintaining Chain of Custody protocols is non-negotiable. Use our Split PDF tool to isolate specific pages from large regulatory filings. Whether you are compiling case reports or archiving records, ensure your workflow remains forensic."
California,Detective,OCR PDF,"Securely digitize your critical files using advanced optical character recognition. Tailored for the Detective in California, this tool addresses the unique challenge of compiling case reports. Uphold Chain of Custody protocols and protect your clients' interests with every document processed."
California,Psychologist,Encrypt PDF,"Streamline your workflow without compromising on ethical confidentiality standards. Our Encrypt PDF utility allows every California-based Psychologist to ensure only authorized personnel can access sensitive files. It is the ultimate utility for storing session notes, ensuring your practice stays highly sensitive and efficient."
California,Psychologist,Merge PDF,"Securely consolidate your critical files using advanced seamless document stitching. Tailored for the Psychologist in California, this tool addresses the unique challenge of storing session notes. Uphold ethical confidentiality standards and protect your clients' interests with every document processed."
California,Psychologist,Word to PDF,"In the high-stakes world of California's client trust sector, a Psychologist cannot risk data breaches. Effectively convert your documents with our Word to PDF solution. Designed for storing session notes, it guarantees that specific ethical confidentiality standards standards are met."
California,Psychologist,Compress PDF,"For professional Psychologists in California, maintaining ethical confidentiality standards is non-negotiable. Use our Compress PDF tool to email large case files without hitting server attachment limits. Whether you are storing session notes or archiving records, ensure your workflow remains highly sensitive."
California,Psychologist,Split PDF,"For professional Psychologists in California, maintaining ethical confidentiality standards is non-negotiable. Use our Split PDF tool to isolate specific pages from large regulatory filings. Whether you are storing session notes or archiving records, ensure your workflow remains highly sensitive."
California,Psychologist,OCR PDF,"In the high-stakes world of California's client trust sector, a Psychologist cannot risk data breaches. Effectively digitize your documents with our OCR PDF solution. Designed for storing session notes, it guarantees that specific ethical confidentiality standards standards are met."
California,Financial Advisor,Encrypt PDF,"Securely secure your critical files using advanced AES-256 encryption. Tailored for the Financial Advisor in California, this tool addresses the unique challenge of sharing investment portfolios. Uphold SEC cybersecurity rules and protect your clients' interests with every document processed."
California,Financial Advisor,Merge PDF,"For professional Financial Advisors in California, maintaining SEC cybersecurity rules is non-negotiable. Use our Merge PDF tool to combine scattered evidence and reports into a single cohesive dossier. Whether you are sharing investment portfolios or archiving records, ensure your workflow remains fiduciary."
California,Financial Advisor,Word to PDF,"Streamline your workflow without compromising on SEC cybersecurity rules. Our Word to PDF utility allows every California-based Financial Advisor to preserve formatting and prevent unauthorized editing of contracts. It is the ultimate utility for sharing investment portfolios, ensuring your practice stays fiduciary and efficient."
California,Financial Advisor,Compress PDF,"Securely optimize your critical files using advanced lossless compression algorithms. Tailored for the Financial Advisor in California, this tool addresses the unique challenge of sharing investment portfolios. Uphold SEC cybersecurity rules and protect your clients' interests with every document processed."
California,Financial Advisor,Split PDF,"In the high-stakes world of California's wealth management security sector, a Financial Advisor cannot risk data breaches. Effectively extract your documents with our Split PDF solution. Designed for sharing investment portfolios, it guarantees that specific SEC cybersecurity rules standards are met."
California,Financial Advisor,OCR PDF,"Streamline your workflow without compromising on SEC cybersecurity rules. Our OCR PDF utility allows every California-based Financial Advisor to make scanned archives fully searchable and editable. It is the ultimate utility for sharing investment portfolios, ensuring your practice stays fiduciary and efficient."
California,Government Official,Encrypt PDF,"Securely secure your critical files using advanced AES-256 encryption. Tailored for the Government Official in California, this tool addresses the unique challenge of transmitting inter-agency memos. Uphold classified information protocols and protect your clients' interests with every document processed."
California,Government Official,Merge PDF,"Securely consolidate your critical files using advanced seamless document stitching. Tailored for the Government Official in California, this tool addresses the unique challenge of transmitting inter-agency memos. Uphold classified information protocols and protect your clients' interests with every document processed."
California,Government Official,Word to PDF,"For professional Government Officials in California, maintaining classified information protocols is non-negotiable. Use our Word to PDF tool to preserve formatting and prevent unauthorized editing of contracts. Whether you are transmitting inter-agency memos or archiving records, ensure your workflow remains official."
California,Government Official,Compress PDF,"Streamline your workflow without compromising on classified information protocols. Our Compress PDF utility allows every California-based Government Official to email large case files without hitting server attachment limits. It is the ultimate utility for transmitting inter-agency memos, ensuring your practice stays official and efficient."
California,Government Official,Split PDF,"For professional Government Officials in California, maintaining classified information protocols is non-negotiable. Use our Split PDF tool to isolate specific pages from large regulatory filings. Whether you are transmitting inter-agency memos or archiving records, ensure your workflow remains official."
California,Government Official,OCR PDF,"Securely digitize your critical files using advanced optical character recognition. Tailored for the Government Official in California, this tool addresses the unique challenge of transmitting inter-agency memos. Uphold classified information protocols and protect your clients' interests with every document processed."
California,R&D Scientist,Encrypt PDF,"Streamline your workflow without compromising on IP protection laws. Our Encrypt PDF utility allows every California-based R&D Scientist to ensure only authorized personnel can access sensitive files. It is the ultimate utility for documenting patent findings, ensuring your practice stays proprietary and efficient."
California,R&D Scientist,Merge PDF,"In the high-stakes world of California's intellectual property theft prevention sector, a R&D Scientist cannot risk data breaches. Effectively consolidate your documents with our Merge PDF solution. Designed for documenting patent findings, it guarantees that specific IP protection laws standards are met."
California,R&D Scientist,Word to PDF,"For professional R&D Scientists in California, maintaining IP protection laws is non-negotiable. Use our Word to PDF tool to preserve formatting and prevent unauthorized editing of contracts. Whether you are documenting patent findings or archiving records, ensure your workflow remains proprietary."
California,R&D Scientist,Compress PDF,"For professional R&D Scientists in California, maintaining IP protection laws is non-negotiable. Use our Compress PDF tool to email large case files without hitting server attachment limits. Whether you are documenting patent findings or archiving records, ensure your workflow remains proprietary."
California,R&D Scientist,Split PDF,"Securely extract your critical files using advanced precision page extraction. Tailored for the R&D Scientist in California, this tool addresses the unique challenge of documenting patent findings. Uphold IP protection laws and protect your clients' interests with every document processed."
California,R&D Scientist,OCR PDF,"Streamline your workflow without compromising on IP protection laws. Our OCR PDF utility allows every California-based R&D Scientist to make scanned archives fully searchable and editable. It is the ultimate utility for documenting patent findings, ensuring your practice stays proprietary and efficient."
California,Journalist,Encrypt PDF,"For professional Journalists in California, maintaining Source Protection principals is non-negotiable. Use our Encrypt PDF tool to ensure only authorized personnel can access sensitive files. Whether you are protecting whistleblowers or archiving records, ensure your workflow remains encrypted and secure."
California,Journalist,Merge PDF,"Streamline your workflow without compromising on Source Protection principals. Our Merge PDF utility allows every California-based Journalist to combine scattered evidence and reports into a single cohesive dossier. It is the ultimate utility for protecting whistleblowers, ensuring your practice stays encrypted and secure and efficient."
California,Journalist,Word to PDF,"For professional Journalists in California, maintaining Source Protection principals is non-negotiable. Use our Word to PDF tool to preserve formatting and prevent unauthorized editing of contracts. Whether you are protecting whistleblowers or archiving records, ensure your workflow remains encrypted and secure."
California,Journalist,Compress PDF,"Securely optimize your critical files using advanced lossless compression algorithms. Tailored for the Journalist in California, this tool addresses the unique challenge of protecting whistleblowers. Uphold Source Protection principals and protect your clients' interests with every document processed."
California,Journalist,Split PDF,"Securely extract your critical files using advanced precision page extraction. Tailored for the Journalist in California, this tool addresses the unique challenge of protecting whistleblowers. Uphold Source Protection principals and protect your clients' interests with every document processed."
California,Journalist,OCR PDF,"Streamline your workflow without compromising on Source Protection principals. Our OCR PDF utility allows every California-based Journalist to make scanned archives fully searchable and editable. It is the ultimate utility for protecting whistleblowers, ensuring your practice stays encrypted and secure and efficient."
Texas,Lawyer,Encrypt PDF,"In the high-stakes world of Texas's evidence admissibility sector, a Lawyer cannot risk data breaches. Effectively secure your documents with our Encrypt PDF solution. Designed for handling discovery documents, it guarantees that specific Attorney-Client Privilege standards are met."
Texas,Lawyer,Merge PDF,"In the high-stakes world of Texas's evidence admissibility sector, a Lawyer cannot risk data breaches. Effectively consolidate your documents with our Merge PDF solution. Designed for handling discovery documents, it guarantees that specific Attorney-Client Privilege standards are met."
Texas,Lawyer,Word to PDF,"In the high-stakes world of Texas's evidence admissibility sector, a Lawyer cannot risk data breaches. Effectively convert your documents with our Word to PDF solution. Designed for handling discovery documents, it guarantees that specific Attorney-Client Privilege standards are met."
Texas,Lawyer,Compress PDF,"Streamline your workflow without compromising on Attorney-Client Privilege. Our Compress PDF utility allows every Texas-based Lawyer to email large case files without hitting server attachment limits. It is the ultimate utility for handling discovery documents, ensuring your practice stays strictly confidential and efficient."
Texas,Lawyer,Split PDF,"For professional Lawyers in Texas, maintaining Attorney-Client Privilege is non-negotiable. Use our Split PDF tool to isolate specific pages from large regulatory filings. Whether you are handling discovery documents or archiving records, ensure your workflow remains strictly confidential."
Texas,Lawyer,OCR PDF,"Securely digitize your critical files using advanced optical character recognition. Tailored for the Lawyer in Texas, this tool addresses the unique challenge of handling discovery documents. Uphold Attorney-Client Privilege and protect your clients' interests with every document processed."
Texas,Doctor,Encrypt PDF,"Securely secure your critical files using advanced AES-256 encryption. Tailored for the Doctor in Texas, this tool addresses the unique challenge of managing patient health records (PHI). Uphold HIPAA regulations and protect your clients' interests with every document processed."
Texas,Doctor,Merge PDF,"In the high-stakes world of Texas's patient privacy sector, a Doctor cannot risk data breaches. Effectively consolidate your documents with our Merge PDF solution. Designed for managing patient health records (PHI), it guarantees that specific HIPAA regulations standards are met."
Texas,Doctor,Word to PDF,"In the high-stakes world of Texas's patient privacy sector, a Doctor cannot risk data breaches. Effectively convert your documents with our Word to PDF solution. Designed for managing patient health records (PHI), it guarantees that specific HIPAA regulations standards are met."
Texas,Doctor,Compress PDF,"Securely optimize your critical files using advanced lossless compression algorithms. Tailored for the Doctor in Texas, this tool addresses the unique challenge of managing patient health records (PHI). Uphold HIPAA regulations and protect your clients' interests with every document processed."
Texas,Doctor,Split PDF,"For professional Doctors in Texas, maintaining HIPAA regulations is non-negotiable. Use our Split PDF tool to isolate specific pages from large regulatory filings. Whether you are managing patient health records (PHI) or archiving records, ensure your workflow remains medically compliant."
Texas,Doctor,OCR PDF,"For professional Doctors in Texas, maintaining HIPAA regulations is non-negotiable. Use our OCR PDF tool to make scanned archives fully searchable and editable. Whether you are managing patient health records (PHI) or archiving records, ensure your workflow remains medically compliant."
Texas,Accountant,Encrypt PDF,"In the high-stakes world of Texas's financial data integrity sector, a Accountant cannot risk data breaches. Effectively secure your documents with our Encrypt PDF solution. Designed for preparing tax audits, it guarantees that specific SOX and IRS guidelines standards are met."
Texas,Accountant,Merge PDF,"Securely consolidate your critical files using advanced seamless document stitching. Tailored for the Accountant in Texas, this tool addresses the unique challenge of preparing tax audits. Uphold SOX and IRS guidelines and protect your clients' interests with every document processed."
Texas,Accountant,Word to PDF,"In the high-stakes world of Texas's financial data integrity sector, a Accountant cannot risk data breaches. Effectively convert your documents with our Word to PDF solution. Designed for preparing tax audits, it guarantees that specific SOX and IRS guidelines standards are met."
Texas,Accountant,Compress PDF,"For professional Accountants in Texas, maintaining SOX and IRS guidelines is non-negotiable. Use our Compress PDF tool to email large case files without hitting server attachment limits. Whether you are preparing tax audits or archiving records, ensure your workflow remains audit-ready."
Texas,Accountant,Split PDF,"Streamline your workflow without compromising on SOX and IRS guidelines. Our Split PDF utility allows every Texas-based Accountant to isolate specific pages from large regulatory filings. It is the ultimate utility for preparing tax audits, ensuring your practice stays audit-ready and efficient."
Texas,Accountant,OCR PDF,"Securely digitize your critical files using advanced optical character recognition. Tailored for the Accountant in Texas, this tool addresses the unique challenge of preparing tax audits. Uphold SOX and IRS guidelines and protect your clients' interests with every document processed."
Texas,HR Manager,Encrypt PDF,"For professional HR Managers in Texas, maintaining GDPR and labor laws is non-negotiable. Use our Encrypt PDF tool to ensure only authorized personnel can access sensitive files. Whether you are archiving employee contracts or archiving records, ensure your workflow remains discreet."
Texas,HR Manager,Merge PDF,"For professional HR Managers in Texas, maintaining GDPR and labor laws is non-negotiable. Use our Merge PDF tool to combine scattered evidence and reports into a single cohesive dossier. Whether you are archiving employee contracts or archiving records, ensure your workflow remains discreet."
Texas,HR Manager,Word to PDF,"Streamline your workflow without compromising on GDPR and labor laws. Our Word to PDF utility allows every Texas-based HR Manager to preserve formatting and prevent unauthorized editing of contracts. It is the ultimate utility for archiving employee contracts, ensuring your practice stays discreet and efficient."
Texas,HR Manager,Compress PDF,"Securely optimize your critical files using advanced lossless compression algorithms. Tailored for the HR Manager in Texas, this tool addresses the unique challenge of archiving employee contracts. Uphold GDPR and labor laws and protect your clients' interests with every document processed."
Texas,HR Manager,Split PDF,"In the high-stakes world of Texas's personnel data protection sector, a HR Manager cannot risk data breaches. Effectively extract your documents with our Split PDF solution. Designed for archiving employee contracts, it guarantees that specific GDPR and labor laws standards are met."
Texas,HR Manager,OCR PDF,"Streamline your workflow without compromising on GDPR and labor laws. Our OCR PDF utility allows every Texas-based HR Manager to make scanned archives fully searchable and editable. It is the ultimate utility for archiving employee contracts, ensuring your practice stays discreet and efficient."
Texas,Detective,Encrypt PDF,"Streamline your workflow without compromising on Chain of Custody protocols. Our Encrypt PDF utility allows every Texas-based Detective to ensure only authorized personnel can access sensitive files. It is the ultimate utility for compiling case reports, ensuring your practice stays forensic and efficient."
Texas,Detective,Merge PDF,"Streamline your workflow without compromising on Chain of Custody protocols. Our Merge PDF utility allows every Texas-based Detective to combine scattered evidence and reports into a single cohesive dossier. It is the ultimate utility for compiling case reports, ensuring your practice stays forensic and efficient."
Texas,Detective,Word to PDF,"For professional Detectives in Texas, maintaining Chain of Custody protocols is non-negotiable. Use our Word to PDF tool to preserve formatting and prevent unauthorized editing of contracts. Whether you are compiling case reports or archiving records, ensure your workflow remains forensic."
Texas,Detective,Compress PDF,"For professional Detectives in Texas, maintaining Chain of Custody protocols is non-negotiable. Use our Compress PDF tool to email large case files without hitting server attachment limits. Whether you are compiling case reports or archiving records, ensure your workflow remains forensic."
Texas,Detective,Split PDF,"Streamline your workflow without compromising on Chain of Custody protocols. Our Split PDF utility allows every Texas-based Detective to isolate specific pages from large regulatory filings. It is the ultimate utility for compiling case reports, ensuring your practice stays forensic and efficient."
Texas,Detective,OCR PDF,"In the high-stakes world of Texas's investigative integrity sector, a Detective cannot risk data breaches. Effectively digitize your documents with our OCR PDF solution. Designed for compiling case reports, it guarantees that specific Chain of Custody protocols standards are met."
Texas,Psychologist,Encrypt PDF,"Securely secure your critical files using advanced AES-256 encryption. Tailored for the Psychologist in Texas, this tool addresses the unique challenge of storing session notes. Uphold ethical confidentiality standards and protect your clients' interests with every document processed."
Texas,Psychologist,Merge PDF,"Streamline your workflow without compromising on ethical confidentiality standards. Our Merge PDF utility allows every Texas-based Psychologist to combine scattered evidence and reports into a single cohesive dossier. It is the ultimate utility for storing session notes, ensuring your practice stays highly sensitive and efficient."
Texas,Psychologist,Word to PDF,"In the high-stakes world of Texas's client trust sector, a Psychologist cannot risk data breaches. Effectively convert your documents with our Word to PDF solution. Designed for storing session notes, it guarantees that specific ethical confidentiality standards standards are met."
Texas,Psychologist,Compress PDF,"For professional Psychologists in Texas, maintaining ethical confidentiality standards is non-negotiable. Use our Compress PDF tool to email large case files without hitting server attachment limits. Whether you are storing session notes or archiving records, ensure your workflow remains highly sensitive."
Texas,Psychologist,Split PDF,"For professional Psychologists in Texas, maintaining ethical confidentiality standards is non-negotiable. Use our Split PDF tool to isolate specific pages from large regulatory filings. Whether you are storing session notes or archiving records, ensure your workflow remains highly sensitive."
Texas,Psychologist,OCR PDF,"In the high-stakes world of Texas's client trust sector, a Psychologist cannot risk data breaches. Effectively digitize your documents with our OCR PDF solution. Designed for storing session notes, it guarantees that specific ethical confidentiality standards standards are met."
Texas,Financial Advisor,Encrypt PDF,"In the high-stakes world of Texas's wealth management security sector, a Financial Advisor cannot risk data breaches. Effectively secure your documents with our Encrypt PDF solution. Designed for sharing investment portfolios, it guarantees that specific SEC cybersecurity rules standards are met."
Texas,Financial Advisor,Merge PDF,"Streamline your workflow without compromising on SEC cybersecurity rules. Our Merge PDF utility allows every Texas-based Financial Advisor to combine scattered evidence and reports into a single cohesive dossier. It is the ultimate utility for sharing investment portfolios, ensuring your practice stays fiduciary and efficient."
Texas,Financial Advisor,Word to PDF,"Streamline your workflow without compromising on SEC cybersecurity rules. Our Word to PDF utility allows every Texas-based Financial Advisor to preserve formatting and prevent unauthorized editing of contracts. It is the ultimate utility for sharing investment portfolios, ensuring your practice stays fiduciary and efficient."
Texas,Financial Advisor,Compress PDF,"Securely optimize your critical files using advanced lossless compression algorithms. Tailored for the Financial Advisor in Texas, this tool addresses the unique challenge of sharing investment portfolios. Uphold SEC cybersecurity rules and protect your clients' interests with every document processed."
Texas,Financial Advisor,Split PDF,"In the high-stakes world of Texas's wealth management security sector, a Financial Advisor cannot risk data breaches. Effectively extract your documents with our Split PDF solution. Designed for sharing investment portfolios, it guarantees that specific SEC cybersecurity rules standards are met."
Texas,Financial Advisor,OCR PDF,"Streamline your workflow without compromising on SEC cybersecurity rules. Our OCR PDF utility allows every Texas-based Financial Advisor to make scanned archives fully searchable and editable. It is the ultimate utility for sharing investment portfolios, ensuring your practice stays fiduciary and efficient."
Texas,Government Official,Encrypt PDF,"For professional Government Officials in Texas, maintaining classified information protocols is non-negotiable. Use our Encrypt PDF tool to ensure only authorized personnel can access sensitive files. Whether you are transmitting inter-agency memos or archiving records, ensure your workflow remains official."
Texas,Government Official,Merge PDF,"Securely consolidate your critical files using advanced seamless document stitching. Tailored for the Government Official in Texas, this tool addresses the unique challenge of transmitting inter-agency memos. Uphold classified information protocols and protect your clients' interests with every document processed."
Texas,Government Official,Word to PDF,"Securely convert your critical files using advanced pixel-perfect layout preservation. Tailored for the Government Official in Texas, this tool addresses the unique challenge of transmitting inter-agency memos. Uphold classified information protocols and protect your clients' interests with every document processed."
Texas,Government Official,Compress PDF,"Securely optimize your critical files using advanced lossless compression algorithms. Tailored for the Government Official in Texas, this tool addresses the unique challenge of transmitting inter-agency memos. Uphold classified information protocols and protect your clients' interests with every document processed."
Texas,Government Official,Split PDF,"For professional Government Officials in Texas, maintaining classified information protocols is non-negotiable. Use our Split PDF tool to isolate specific pages from large regulatory filings. Whether you are transmitting inter-agency memos or archiving records, ensure your workflow remains official."
Texas,Government Official,OCR PDF,"Securely digitize your critical files using advanced optical character recognition. Tailored for the Government Official in Texas, this tool addresses the unique challenge of transmitting inter-agency memos. Uphold classified information protocols and protect your clients' interests with every document processed."
Texas,R&D Scientist,Encrypt PDF,"Securely secure your critical files using advanced AES-256 encryption. Tailored for the R&D Scientist in Texas, this tool addresses the unique challenge of documenting patent findings. Uphold IP protection laws and protect your clients' interests with every document processed."
Texas,R&D Scientist,Merge PDF,"Securely consolidate your critical files using advanced seamless document stitching. Tailored for the R&D Scientist in Texas, this tool addresses the unique challenge of documenting patent findings. Uphold IP protection laws and protect your clients' interests with every document processed."
Texas,R&D Scientist,Word to PDF,"In the high-stakes world of Texas's intellectual property theft prevention sector, a R&D Scientist cannot risk data breaches. Effectively convert your documents with our Word to PDF solution. Designed for documenting patent findings, it guarantees that specific IP protection laws standards are met."
Texas,R&D Scientist,Compress PDF,"Streamline your workflow without compromising on IP protection laws. Our Compress PDF utility allows every Texas-based R&D Scientist to email large case files without hitting server attachment limits. It is the ultimate utility for documenting patent findings, ensuring your practice stays proprietary and efficient."
Texas,R&D Scientist,Split PDF,"In the high-stakes world of Texas's intellectual property theft prevention sector, a R&D Scientist cannot risk data breaches. Effectively extract your documents with our Split PDF solution. Designed for documenting patent findings, it guarantees that specific IP protection laws standards are met."
Texas,R&D Scientist,OCR PDF,"In the high-stakes world of Texas's intellectual property theft prevention sector, a R&D Scientist cannot risk data breaches. Effectively digitize your documents with our OCR PDF solution. Designed for documenting patent findings, it guarantees that specific IP protection laws standards are met."
Texas,Journalist,Encrypt PDF,"Streamline your workflow without compromising on Source Protection principals. Our Encrypt PDF utility allows every Texas-based Journalist to ensure only authorized personnel can access sensitive files. It is the ultimate utility for protecting whistleblowers, ensuring your practice stays encrypted and secure and efficient."
Texas,Journalist,Merge PDF,"Streamline your workflow without compromising on Source Protection principals. Our Merge PDF utility allows every Texas-based Journalist to combine scattered evidence and reports into a single cohesive dossier. It is the ultimate utility for protecting whistleblowers, ensuring your practice stays encrypted and secure and efficient."
Texas,Journalist,Word to PDF,"Streamline your workflow without compromising on Source Protection principals. Our Word to PDF utility allows every Texas-based Journalist to preserve formatting and prevent unauthorized editing of contracts. It is the ultimate utility for protecting whistleblowers, ensuring your practice stays encrypted and secure and efficient."
Texas,Journalist,Compress PDF,"Securely optimize your critical files using advanced lossless compression algorithms. Tailored for the Journalist in Texas, this tool addresses the unique challenge of protecting whistleblowers. Uphold Source Protection principals and protect your clients' interests with every document processed."
Texas,Journalist,Split PDF,"Securely extract your critical files using advanced precision page extraction. Tailored for the Journalist in Texas, this tool addresses the unique challenge of protecting whistleblowers. Uphold Source Protection principals and protect your clients' interests with every document processed."
Texas,Journalist,OCR PDF,"In the high-stakes world of Texas's freedom of press safety sector, a Journalist cannot risk data breaches. Effectively digitize your documents with our OCR PDF solution. Designed for protecting whistleblowers, it guarantees that specific Source Protection principals standards are met."
Florida,Lawyer,Encrypt PDF,"For professional Lawyers in Florida, maintaining Attorney-Client Privilege is non-negotiable. Use our Encrypt PDF tool to ensure only authorized personnel can access sensitive files. Whether you are handling discovery documents or archiving records, ensure your workflow remains strictly confidential."
Florida,Lawyer,Merge PDF,"Securely consolidate your critical files using advanced seamless document stitching. Tailored for the Lawyer in Florida, this tool addresses the unique challenge of handling discovery documents. Uphold Attorney-Client Privilege and protect your clients' interests with every document processed."
Florida,Lawyer,Word to PDF,"Streamline your workflow without compromising on Attorney-Client Privilege. Our Word to PDF utility allows every Florida-based Lawyer to preserve formatting and prevent unauthorized editing of contracts. It is the ultimate utility for handling discovery documents, ensuring your practice stays strictly confidential and efficient."
Florida,Lawyer,Compress PDF,"For professional Lawyers in Florida, maintaining Attorney-Client Privilege is non-negotiable. Use our Compress PDF tool to email large case files without hitting server attachment limits. Whether you are handling discovery documents or archiving records, ensure your workflow remains strictly confidential."
Florida,Lawyer,Split PDF,"In the high-stakes world of Florida's evidence admissibility sector, a Lawyer cannot risk data breaches. Effectively extract your documents with our Split PDF solution. Designed for handling discovery documents, it guarantees that specific Attorney-Client Privilege standards are met."
Florida,Lawyer,OCR PDF,"Securely digitize your critical files using advanced optical character recognition. Tailored for the Lawyer in Florida, this tool addresses the unique challenge of handling discovery documents. Uphold Attorney-Client Privilege and protect your clients' interests with every document processed."
Florida,Doctor,Encrypt PDF,"Streamline your workflow without compromising on HIPAA regulations. Our Encrypt PDF utility allows every Florida-based Doctor to ensure only authorized personnel can access sensitive files. It is the ultimate utility for managing patient health records (PHI), ensuring your practice stays medically compliant and efficient."
Florida,Doctor,Merge PDF,"Streamline your workflow without compromising on HIPAA regulations. Our Merge PDF utility allows every Florida-based Doctor to combine scattered evidence and reports into a single cohesive dossier. It is the ultimate utility for managing patient health records (PHI), ensuring your practice stays medically compliant and efficient."
Florida,Doctor,Word to PDF,"Securely convert your critical files using advanced pixel-perfect layout preservation. Tailored for the Doctor in Florida, this tool addresses the unique challenge of managing patient health records (PHI). Uphold HIPAA regulations and protect your clients' interests with every document processed."
Florida,Doctor,Compress PDF,"Streamline your workflow without compromising on HIPAA regulations. Our Compress PDF utility allows every Florida-based Doctor to email large case files without hitting server attachment limits. It is the ultimate utility for managing patient health records (PHI), ensuring your practice stays medically compliant and efficient."
Florida,Doctor,Split PDF,"In the high-stakes world of Florida's patient privacy sector, a Doctor cannot risk data breaches. Effectively extract your documents with our Split PDF solution. Designed for managing patient health records (PHI), it guarantees that specific HIPAA regulations standards are met."
Florida,Doctor,OCR PDF,"For professional Doctors in Florida, maintaining HIPAA regulations is non-negotiable. Use our OCR PDF tool to make scanned archives fully searchable and editable. Whether you are managing patient health records (PHI) or archiving records, ensure your workflow remains medically compliant."
Florida,Accountant,Encrypt PDF,"Securely secure your critical files using advanced AES-256 encryption. Tailored for the Accountant in Florida, this tool addresses the unique challenge of preparing tax audits. Uphold SOX and IRS guidelines and protect your clients' interests with every document processed."
Florida,Accountant,Merge PDF,"For professional Accountants in Florida, maintaining SOX and IRS guidelines is non-negotiable. Use our Merge PDF tool to combine scattered evidence and reports into a single cohesive dossier. Whether you are preparing tax audits or archiving records, ensure your workflow remains audit-ready."
Florida,Accountant,Word to PDF,"Streamline your workflow without compromising on SOX and IRS guidelines. Our Word to PDF utility allows every Florida-based Accountant to preserve formatting and prevent unauthorized editing of contracts. It is the ultimate utility for preparing tax audits, ensuring your practice stays audit-ready and efficient."
Florida,Accountant,Compress PDF,"Streamline your workflow without compromising on SOX and IRS guidelines. Our Compress PDF utility allows every Florida-based Accountant to email large case files without hitting server attachment limits. It is the ultimate utility for preparing tax audits, ensuring your practice stays audit-ready and efficient."
Florida,Accountant,Split PDF,"Streamline your workflow without compromising on SOX and IRS guidelines. Our Split PDF utility allows every Florida-based Accountant to isolate specific pages from large regulatory filings. It is the ultimate utility for preparing tax audits, ensuring your practice stays audit-ready and efficient."
Florida,Accountant,OCR PDF,"For professional Accountants in Florida, maintaining SOX and IRS guidelines is non-negotiable. Use our OCR PDF tool to make scanned archives fully searchable and editable. Whether you are preparing tax audits or archiving records, ensure your workflow remains audit-ready."
Florida,HR Manager,Encrypt PDF,"Securely secure your critical files using advanced AES-256 encryption. Tailored for the HR Manager in Florida, this tool addresses the unique challenge of archiving employee contracts. Uphold GDPR and labor laws and protect your clients' interests with every document processed."
Florida,HR Manager,Merge PDF,"Securely consolidate your critical files using advanced seamless document stitching. Tailored for the HR Manager in Florida, this tool addresses the unique challenge of archiving employee contracts. Uphold GDPR and labor laws and protect your clients' interests with every document processed."
Florida,HR Manager,Word to PDF,"For professional HR Managers in Florida, maintaining GDPR and labor laws is non-negotiable. Use our Word to PDF tool to preserve formatting and prevent unauthorized editing of contracts. Whether you are archiving employee contracts or archiving records, ensure your workflow remains discreet."
Florida,HR Manager,Compress PDF,"Securely optimize your critical files using advanced lossless compression algorithms. Tailored for the HR Manager in Florida, this tool addresses the unique challenge of archiving employee contracts. Uphold GDPR and labor laws and protect your clients' interests with every document processed."
Florida,HR Manager,Split PDF,"Securely extract your critical files using advanced precision page extraction. Tailored for the HR Manager in Florida, this tool addresses the unique challenge of archiving employee contracts. Uphold GDPR and labor laws and protect your clients' interests with every document processed."
Florida,HR Manager,OCR PDF,"Securely digitize your critical files using advanced optical character recognition. Tailored for the HR Manager in Florida, this tool addresses the unique challenge of archiving employee contracts. Uphold GDPR and labor laws and protect your clients' interests with every document processed."
Florida,Detective,Encrypt PDF,"Securely secure your critical files using advanced AES-256 encryption. Tailored for the Detective in Florida, this tool addresses the unique challenge of compiling case reports. Uphold Chain of Custody protocols and protect your clients' interests with every document processed."
Florida,Detective,Merge PDF,"Streamline your workflow without compromising on Chain of Custody protocols. Our Merge PDF utility allows every Florida-based Detective to combine scattered evidence and reports into a single cohesive dossier. It is the ultimate utility for compiling case reports, ensuring your practice stays forensic and efficient."
Florida,Detective,Word to PDF,"Streamline your workflow without compromising on Chain of Custody protocols. Our Word to PDF utility allows every Florida-based Detective to preserve formatting and prevent unauthorized editing of contracts. It is the ultimate utility for compiling case reports, ensuring your practice stays forensic and efficient."
Florida,Detective,Compress PDF,"For professional Detectives in Florida, maintaining Chain of Custody protocols is non-negotiable. Use our Compress PDF tool to email large case files without hitting server attachment limits. Whether you are compiling case reports or archiving records, ensure your workflow remains forensic."
Florida,Detective,Split PDF,"Streamline your workflow without compromising on Chain of Custody protocols. Our Split PDF utility allows every Florida-based Detective to isolate specific pages from large regulatory filings. It is the ultimate utility for compiling case reports, ensuring your practice stays forensic and efficient."
Florida,Detective,OCR PDF,"Streamline your workflow without compromising on Chain of Custody protocols. Our OCR PDF utility allows every Florida-based Detective to make scanned archives fully searchable and editable. It is the ultimate utility for compiling case reports, ensuring your practice stays forensic and efficient."
Florida,Psychologist,Encrypt PDF,"Securely secure your critical files using advanced AES-256 encryption. Tailored for the Psychologist in Florida, this tool addresses the unique challenge of storing session notes. Uphold ethical confidentiality standards and protect your clients' interests with every document processed."
Florida,Psychologist,Merge PDF,"Streamline your workflow without compromising on ethical confidentiality standards. Our Merge PDF utility allows every Florida-based Psychologist to combine scattered evidence and reports into a single cohesive dossier. It is the ultimate utility for storing session notes, ensuring your practice stays highly sensitive and efficient."
Florida,Psychologist,Word to PDF,"In the high-stakes world of Florida's client trust sector, a Psychologist cannot risk data breaches. Effectively convert your documents with our Word to PDF solution. Designed for storing session notes, it guarantees that specific ethical confidentiality standards standards are met."
Florida,Psychologist,Compress PDF,"Securely optimize your critical files using advanced lossless compression algorithms. Tailored for the Psychologist in Florida, this tool addresses the unique challenge of storing session notes. Uphold ethical confidentiality standards and protect your clients' interests with every document processed."
Florida,Psychologist,Split PDF,"In the high-stakes world of Florida's client trust sector, a Psychologist cannot risk data breaches. Effectively extract your documents with our Split PDF solution. Designed for storing session notes, it guarantees that specific ethical confidentiality standards standards are met."
Florida,Psychologist,OCR PDF,"For professional Psychologists in Florida, maintaining ethical confidentiality standards is non-negotiable. Use our OCR PDF tool to make scanned archives fully searchable and editable. Whether you are storing session notes or archiving records, ensure your workflow remains highly sensitive."
Florida,Financial Advisor,Encrypt PDF,"For professional Financial Advisors in Florida, maintaining SEC cybersecurity rules is non-negotiable. Use our Encrypt PDF tool to ensure only authorized personnel can access sensitive files. Whether you are sharing investment portfolios or archiving records, ensure your workflow remains fiduciary."
Florida,Financial Advisor,Merge PDF,"In the high-stakes world of Florida's wealth management security sector, a Financial Advisor cannot risk data breaches. Effectively consolidate your documents with our Merge PDF solution. Designed for sharing investment portfolios, it guarantees that specific SEC cybersecurity rules standards are met."
Florida,Financial Advisor,Word to PDF,"For professional Financial Advisors in Florida, maintaining SEC cybersecurity rules is non-negotiable. Use our Word to PDF tool to preserve formatting and prevent unauthorized editing of contracts. Whether you are sharing investment portfolios or archiving records, ensure your workflow remains fiduciary."
Florida,Financial Advisor,Compress PDF,"In the high-stakes world of Florida's wealth management security sector, a Financial Advisor cannot risk data breaches. Effectively optimize your documents with our Compress PDF solution. Designed for sharing investment portfolios, it guarantees that specific SEC cybersecurity rules standards are met."
Florida,Financial Advisor,Split PDF,"For professional Financial Advisors in Florida, maintaining SEC cybersecurity rules is non-negotiable. Use our Split PDF tool to isolate specific pages from large regulatory filings. Whether you are sharing investment portfolios or archiving records, ensure your workflow remains fiduciary."
Florida,Financial Advisor,OCR PDF,"Streamline your workflow without compromising on SEC cybersecurity rules. Our OCR PDF utility allows every Florida-based Financial Advisor to make scanned archives fully searchable and editable. It is the ultimate utility for sharing investment portfolios, ensuring your practice stays fiduciary and efficient."
Florida,Government Official,Encrypt PDF,"For professional Government Officials in Florida, maintaining classified information protocols is non-negotiable. Use our Encrypt PDF tool to ensure only authorized personnel can access sensitive files. Whether you are transmitting inter-agency memos or archiving records, ensure your workflow remains official."
Florida,Government Official,Merge PDF,"Securely consolidate your critical files using advanced seamless document stitching. Tailored for the Government Official in Florida, this tool addresses the unique challenge of transmitting inter-agency memos. Uphold classified information protocols and protect your clients' interests with every document processed."
Florida,Government Official,Word to PDF,"Streamline your workflow without compromising on classified information protocols. Our Word to PDF utility allows every Florida-based Government Official to preserve formatting and prevent unauthorized editing of contracts. It is the ultimate utility for transmitting inter-agency memos, ensuring your practice stays official and efficient."
Florida,Government Official,Compress PDF,"Streamline your workflow without compromising on classified information protocols. Our Compress PDF utility allows every Florida-based Government Official to email large case files without hitting server attachment limits. It is the ultimate utility for transmitting inter-agency memos, ensuring your practice stays official and efficient."
Florida,Government Official,Split PDF,"For professional Government Officials in Florida, maintaining classified information protocols is non-negotiable. Use our Split PDF tool to isolate specific pages from large regulatory filings. Whether you are transmitting inter-agency memos or archiving records, ensure your workflow remains official."
Florida,Government Official,OCR PDF,"Securely digitize your critical files using advanced optical character recognition. Tailored for the Government Official in Florida, this tool addresses the unique challenge of transmitting inter-agency memos. Uphold classified information protocols and protect your clients' interests with every document processed."
Florida,R&D Scientist,Encrypt PDF,"For professional R&D Scientists in Florida, maintaining IP protection laws is non-negotiable. Use our Encrypt PDF tool to ensure only authorized personnel can access sensitive files. Whether you are documenting patent findings or archiving records, ensure your workflow remains proprietary."
Florida,R&D Scientist,Merge PDF,"In the high-stakes world of Florida's intellectual property theft prevention sector, a R&D Scientist cannot risk data breaches. Effectively consolidate your documents with our Merge PDF solution. Designed for documenting patent findings, it guarantees that specific IP protection laws standards are met."
Florida,R&D Scientist,Word to PDF,"In the high-stakes world of Florida's intellectual property theft prevention sector, a R&D Scientist cannot risk data breaches. Effectively convert your documents with our Word to PDF solution. Designed for documenting patent findings, it guarantees that specific IP protection laws standards are met."
Florida,R&D Scientist,Compress PDF,"Securely optimize your critical files using advanced lossless compression algorithms. Tailored for the R&D Scientist in Florida, this tool addresses the unique challenge of documenting patent findings. Uphold IP protection laws and protect your clients' interests with every document processed."
Florida,R&D Scientist,Split PDF,"In the high-stakes world of Florida's intellectual property theft prevention sector, a R&D Scientist cannot risk data breaches. Effectively extract your documents with our Split PDF solution. Designed for documenting patent findings, it guarantees that specific IP protection laws standards are met."
Florida,R&D Scientist,OCR PDF,"For professional R&D Scientists in Florida, maintaining IP protection laws is non-negotiable. Use our OCR PDF tool to make scanned archives fully searchable and editable. Whether you are documenting patent findings or archiving records, ensure your workflow remains proprietary."
Florida,Journalist,Encrypt PDF,"In the high-stakes world of Florida's freedom of press safety sector, a Journalist cannot risk data breaches. Effectively secure your documents with our Encrypt PDF solution. Designed for protecting whistleblowers, it guarantees that specific Source Protection principals standards are met."
Florida,Journalist,Merge PDF,"Streamline your workflow without compromising on Source Protection principals. Our Merge PDF utility allows every Florida-based Journalist to combine scattered evidence and reports into a single cohesive dossier. It is the ultimate utility for protecting whistleblowers, ensuring your practice stays encrypted and secure and efficient."
Florida,Journalist,Word to PDF,"For professional Journalists in Florida, maintaining Source Protection principals is non-negotiable. Use our Word to PDF tool to preserve formatting and prevent unauthorized editing of contracts. Whether you are protecting whistleblowers or archiving records, ensure your workflow remains encrypted and secure."
Florida,Journalist,Compress PDF,"Streamline your workflow without compromising on Source Protection principals. Our Compress PDF utility allows every Florida-based Journalist to email large case files without hitting server attachment limits. It is the ultimate utility for protecting whistleblowers, ensuring your practice stays encrypted and secure and efficient."
Florida,Journalist,Split PDF,"For professional Journalists in Florida, maintaining Source Protection principals is non-negotiable. Use our Split PDF tool to isolate specific pages from large regulatory filings. Whether you are protecting whistleblowers or archiving records, ensure your workflow remains encrypted and secure."
Florida,Journalist,OCR PDF,"Securely digitize your critical files using advanced optical character recognition. Tailored for the Journalist in Florida, this tool addresses the unique challenge of protecting whistleblowers. Uphold Source Protection principals and protect your clients' interests with every document processed."
New York,Lawyer,Encrypt PDF,"For professional Lawyers in New York, maintaining Attorney-Client Privilege is non-negotiable. Use our Encrypt PDF tool to ensure only authorized personnel can access sensitive files. Whether you are handling discovery documents or archiving records, ensure your workflow remains strictly confidential."
New York,Lawyer,Merge PDF,"For professional Lawyers in New York, maintaining Attorney-Client Privilege is non-negotiable. Use our Merge PDF tool to combine scattered evidence and reports into a single cohesive dossier. Whether you are handling discovery documents or archiving records, ensure your workflow remains strictly confidential."
New York,Lawyer,Word to PDF,"For professional Lawyers in New York, maintaining Attorney-Client Privilege is non-negotiable. Use our Word to PDF tool to preserve formatting and prevent unauthorized editing of contracts. Whether you are handling discovery documents or archiving records, ensure your workflow remains strictly confidential."
New York,Lawyer,Compress PDF,"Streamline your workflow without compromising on Attorney-Client Privilege. Our Compress PDF utility allows every New York-based Lawyer to email large case files without hitting server attachment limits. It is the ultimate utility for handling discovery documents, ensuring your practice stays strictly confidential and efficient."
New York,Lawyer,Split PDF,"For professional Lawyers in New York, maintaining Attorney-Client Privilege is non-negotiable. Use our Split PDF tool to isolate specific pages from large regulatory filings. Whether you are handling discovery documents or archiving records, ensure your workflow remains strictly confidential."
New York,Lawyer,OCR PDF,"Streamline your workflow without compromising on Attorney-Client Privilege. Our OCR PDF utility allows every New York-based Lawyer to make scanned archives fully searchable and editable. It is the ultimate utility for handling discovery documents, ensuring your practice stays strictly confidential and efficient."
New York,Doctor,Encrypt PDF,"Securely secure your critical files using advanced AES-256 encryption. Tailored for the Doctor in New York, this tool addresses the unique challenge of managing patient health records (PHI). Uphold HIPAA regulations and protect your clients' interests with every document processed."
New York,Doctor,Merge PDF,"In the high-stakes world of New York's patient privacy sector, a Doctor cannot risk data breaches. Effectively consolidate your documents with our Merge PDF solution. Designed for managing patient health records (PHI), it guarantees that specific HIPAA regulations standards are met."
New York,Doctor,Word to PDF,"For professional Doctors in New York, maintaining HIPAA regulations is non-negotiable. Use our Word to PDF tool to preserve formatting and prevent unauthorized editing of contracts. Whether you are managing patient health records (PHI) or archiving records, ensure your workflow remains medically compliant."
New York,Doctor,Compress PDF,"Securely optimize your critical files using advanced lossless compression algorithms. Tailored for the Doctor in New York, this tool addresses the unique challenge of managing patient health records (PHI). Uphold HIPAA regulations and protect your clients' interests with every document processed."
New York,Doctor,Split PDF,"Streamline your workflow without compromising on HIPAA regulations. Our Split PDF utility allows every New York-based Doctor to isolate specific pages from large regulatory filings. It is the ultimate utility for managing patient health records (PHI), ensuring your practice stays medically compliant and efficient."
New York,Doctor,OCR PDF,"In the high-stakes world of New York's patient privacy sector, a Doctor cannot risk data breaches. Effectively digitize your documents with our OCR PDF solution. Designed for managing patient health records (PHI), it guarantees that specific HIPAA regulations standards are met."
New York,Accountant,Encrypt PDF,"For professional Accountants in New York, maintaining SOX and IRS guidelines is non-negotiable. Use our Encrypt PDF tool to ensure only authorized personnel can access sensitive files. Whether you are preparing tax audits or archiving records, ensure your workflow remains audit-ready."
New York,Accountant,Merge PDF,"Securely consolidate your critical files using advanced seamless document stitching. Tailored for the Accountant in New York, this tool addresses the unique challenge of preparing tax audits. Uphold SOX and IRS guidelines and protect your clients' interests with every document processed."
New York,Accountant,Word to PDF,"Securely convert your critical files using advanced pixel-perfect layout preservation. Tailored for the Accountant in New York, this tool addresses the unique challenge of preparing tax audits. Uphold SOX and IRS guidelines and protect your clients' interests with every document processed."
New York,Accountant,Compress PDF,"Streamline your workflow without compromising on SOX and IRS guidelines. Our Compress PDF utility allows every New York-based Accountant to email large case files without hitting server attachment limits. It is the ultimate utility for preparing tax audits, ensuring your practice stays audit-ready and efficient."
New York,Accountant,Split PDF,"For professional Accountants in New York, maintaining SOX and IRS guidelines is non-negotiable. Use our Split PDF tool to isolate specific pages from large regulatory filings. Whether you are preparing tax audits or archiving records, ensure your workflow remains audit-ready."
New York,Accountant,OCR PDF,"Securely digitize your critical files using advanced optical character recognition. Tailored for the Accountant in New York, this tool addresses the unique challenge of preparing tax audits. Uphold SOX and IRS guidelines and protect your clients' interests with every document processed."
New York,HR Manager,Encrypt PDF,"For professional HR Managers in New York, maintaining GDPR and labor laws is non-negotiable. Use our Encrypt PDF tool to ensure only authorized personnel can access sensitive files. Whether you are archiving employee contracts or archiving records, ensure your workflow remains discreet."
New York,HR Manager,Merge PDF,"For professional HR Managers in New York, maintaining GDPR and labor laws is non-negotiable. Use our Merge PDF tool to combine scattered evidence and reports into a single cohesive dossier. Whether you are archiving employee contracts or archiving records, ensure your workflow remains discreet."
New York,HR Manager,Word to PDF,"For professional HR Managers in New York, maintaining GDPR and labor laws is non-negotiable. Use our Word to PDF tool to preserve formatting and prevent unauthorized editing of contracts. Whether you are archiving employee contracts or archiving records, ensure your workflow remains discreet."
New York,HR Manager,Compress PDF,"Securely optimize your critical files using advanced lossless compression algorithms. Tailored for the HR Manager in New York, this tool addresses the unique challenge of archiving employee contracts. Uphold GDPR and labor laws and protect your clients' interests with every document processed."
New York,HR Manager,Split PDF,"Streamline your workflow without compromising on GDPR and labor laws. Our Split PDF utility allows every New York-based HR Manager to isolate specific pages from large regulatory filings. It is the ultimate utility for archiving employee contracts, ensuring your practice stays discreet and efficient."
New York,HR Manager,OCR PDF,"Securely digitize your critical files using advanced optical character recognition. Tailored for the HR Manager in New York, this tool addresses the unique challenge of archiving employee contracts. Uphold GDPR and labor laws and protect your clients' interests with every document processed."
New York,Detective,Encrypt PDF,"Streamline your workflow without compromising on Chain of Custody protocols. Our Encrypt PDF utility allows every New York-based Detective to ensure only authorized personnel can access sensitive files. It is the ultimate utility for compiling case reports, ensuring your practice stays forensic and efficient."
New York,Detective,Merge PDF,"Streamline your workflow without compromising on Chain of Custody protocols. Our Merge PDF utility allows every New York-based Detective to combine scattered evidence and reports into a single cohesive dossier. It is the ultimate utility for compiling case reports, ensuring your practice stays forensic and efficient."
New York,Detective,Word to PDF,"Streamline your workflow without compromising on Chain of Custody protocols. Our Word to PDF utility allows every New York-based Detective to preserve formatting and prevent unauthorized editing of contracts. It is the ultimate utility for compiling case reports, ensuring your practice stays forensic and efficient."
New York,Detective,Compress PDF,"Securely optimize your critical files using advanced lossless compression algorithms. Tailored for the Detective in New York, this tool addresses the unique challenge of compiling case reports. Uphold Chain of Custody protocols and protect your clients' interests with every document processed."
New York,Detective,Split PDF,"For professional Detectives in New York, maintaining Chain of Custody protocols is non-negotiable. Use our Split PDF tool to isolate specific pages from large regulatory filings. Whether you are compiling case reports or archiving records, ensure your workflow remains forensic."
New York,Detective,OCR PDF,"Streamline your workflow without compromising on Chain of Custody protocols. Our OCR PDF utility allows every New York-based Detective to make scanned archives fully searchable and editable. It is the ultimate utility for compiling case reports, ensuring your practice stays forensic and efficient."
New York,Psychologist,Encrypt PDF,"For professional Psychologists in New York, maintaining ethical confidentiality standards is non-negotiable. Use our Encrypt PDF tool to ensure only authorized personnel can access sensitive files. Whether you are storing session notes or archiving records, ensure your workflow remains highly sensitive."
New York,Psychologist,Merge PDF,"Streamline your workflow without compromising on ethical confidentiality standards. Our Merge PDF utility allows every New York-based Psychologist to combine scattered evidence and reports into a single cohesive dossier. It is the ultimate utility for storing session notes, ensuring your practice stays highly sensitive and efficient."
New York,Psychologist,Word to PDF,"In the high-stakes world of New York's client trust sector, a Psychologist cannot risk data breaches. Effectively convert your documents with our Word to PDF solution. Designed for storing session notes, it guarantees that specific ethical confidentiality standards standards are met."
New York,Psychologist,Compress PDF,"For professional Psychologists in New York, maintaining ethical confidentiality standards is non-negotiable. Use our Compress PDF tool to email large case files without hitting server attachment limits. Whether you are storing session notes or archiving records, ensure your workflow remains highly sensitive."
New York,Psychologist,Split PDF,"Streamline your workflow without compromising on ethical confidentiality standards. Our Split PDF utility allows every New York-based Psychologist to isolate specific pages from large regulatory filings. It is the ultimate utility for storing session notes, ensuring your practice stays highly sensitive and efficient."
New York,Psychologist,OCR PDF,"Securely digitize your critical files using advanced optical character recognition. Tailored for the Psychologist in New York, this tool addresses the unique challenge of storing session notes. Uphold ethical confidentiality standards and protect your clients' interests with every document processed."
New York,Financial Advisor,Encrypt PDF,"For professional Financial Advisors in New York, maintaining SEC cybersecurity rules is non-negotiable. Use our Encrypt PDF tool to ensure only authorized personnel can access sensitive files. Whether you are sharing investment portfolios or archiving records, ensure your workflow remains fiduciary."
New York,Financial Advisor,Merge PDF,"Streamline your workflow without compromising on SEC cybersecurity rules. Our Merge PDF utility allows every New York-based Financial Advisor to combine scattered evidence and reports into a single cohesive dossier. It is the ultimate utility for sharing investment portfolios, ensuring your practice stays fiduciary and efficient."
New York,Financial Advisor,Word to PDF,"In the high-stakes world of New York's wealth management security sector, a Financial Advisor cannot risk data breaches. Effectively convert your documents with our Word to PDF solution. Designed for sharing investment portfolios, it guarantees that specific SEC cybersecurity rules standards are met."
New York,Financial Advisor,Compress PDF,"Streamline your workflow without compromising on SEC cybersecurity rules. Our Compress PDF utility allows every New York-based Financial Advisor to email large case files without hitting server attachment limits. It is the ultimate utility for sharing investment portfolios, ensuring your practice stays fiduciary and efficient."
New York,Financial Advisor,Split PDF,"Streamline your workflow without compromising on SEC cybersecurity rules. Our Split PDF utility allows every New York-based Financial Advisor to isolate specific pages from large regulatory filings. It is the ultimate utility for sharing investment portfolios, ensuring your practice stays fiduciary and efficient."
New York,Financial Advisor,OCR PDF,"Streamline your workflow without compromising on SEC cybersecurity rules. Our OCR PDF utility allows every New York-based Financial Advisor to make scanned archives fully searchable and editable. It is the ultimate utility for sharing investment portfolios, ensuring your practice stays fiduciary and efficient."
New York,Government Official,Encrypt PDF,"Streamline your workflow without compromising on classified information protocols. Our Encrypt PDF utility allows every New York-based Government Official to ensure only authorized personnel can access sensitive files. It is the ultimate utility for transmitting inter-agency memos, ensuring your practice stays official and efficient."
New York,Government Official,Merge PDF,"Streamline your workflow without compromising on classified information protocols. Our Merge PDF utility allows every New York-based Government Official to combine scattered evidence and reports into a single cohesive dossier. It is the ultimate utility for transmitting inter-agency memos, ensuring your practice stays official and efficient."
New York,Government Official,Word to PDF,"In the high-stakes world of New York's national data security sector, a Government Official cannot risk data breaches. Effectively convert your documents with our Word to PDF solution. Designed for transmitting inter-agency memos, it guarantees that specific classified information protocols standards are met."
New York,Government Official,Compress PDF,"In the high-stakes world of New York's national data security sector, a Government Official cannot risk data breaches. Effectively optimize your documents with our Compress PDF solution. Designed for transmitting inter-agency memos, it guarantees that specific classified information protocols standards are met."
New York,Government Official,Split PDF,"Securely extract your critical files using advanced precision page extraction. Tailored for the Government Official in New York, this tool addresses the unique challenge of transmitting inter-agency memos. Uphold classified information protocols and protect your clients' interests with every document processed."
New York,Government Official,OCR PDF,"In the high-stakes world of New York's national data security sector, a Government Official cannot risk data breaches. Effectively digitize your documents with our OCR PDF solution. Designed for transmitting inter-agency memos, it guarantees that specific classified information protocols standards are met."
New York,R&D Scientist,Encrypt PDF,"Streamline your workflow without compromising on IP protection laws. Our Encrypt PDF utility allows every New York-based R&D Scientist to ensure only authorized personnel can access sensitive files. It is the ultimate utility for documenting patent findings, ensuring your practice stays proprietary and efficient."
New York,R&D Scientist,Merge PDF,"Streamline your workflow without compromising on IP protection laws. Our Merge PDF utility allows every New York-based R&D Scientist to combine scattered evidence and reports into a single cohesive dossier. It is the ultimate utility for documenting patent findings, ensuring your practice stays proprietary and efficient."
New York,R&D Scientist,Word to PDF,"For professional R&D Scientists in New York, maintaining IP protection laws is non-negotiable. Use our Word to PDF tool to preserve formatting and prevent unauthorized editing of contracts. Whether you are documenting patent findings or archiving records, ensure your workflow remains proprietary."
New York,R&D Scientist,Compress PDF,"Streamline your workflow without compromising on IP protection laws. Our Compress PDF utility allows every New York-based R&D Scientist to email large case files without hitting server attachment limits. It is the ultimate utility for documenting patent findings, ensuring your practice stays proprietary and efficient."
New York,R&D Scientist,Split PDF,"In the high-stakes world of New York's intellectual property theft prevention sector, a R&D Scientist cannot risk data breaches. Effectively extract your documents with our Split PDF solution. Designed for documenting patent findings, it guarantees that specific IP protection laws standards are met."
New York,R&D Scientist,OCR PDF,"For professional R&D Scientists in New York, maintaining IP protection laws is non-negotiable. Use our OCR PDF tool to make scanned archives fully searchable and editable. Whether you are documenting patent findings or archiving records, ensure your workflow remains proprietary."
New York,Journalist,Encrypt PDF,"Securely secure your critical files using advanced AES-256 encryption. Tailored for the Journalist in New York, this tool addresses the unique challenge of protecting whistleblowers. Uphold Source Protection principals and protect your clients' interests with every document processed."
New York,Journalist,Merge PDF,"For professional Journalists in New York, maintaining Source Protection principals is non-negotiable. Use our Merge PDF tool to combine scattered evidence and reports into a single cohesive dossier. Whether you are protecting whistleblowers or archiving records, ensure your workflow remains encrypted and secure."
New York,Journalist,Word to PDF,"In the high-stakes world of New York's freedom of press safety sector, a Journalist cannot risk data breaches. Effectively convert your documents with our Word to PDF solution. Designed for protecting whistleblowers, it guarantees that specific Source Protection principals standards are met."
New York,Journalist,Compress PDF,"Streamline your workflow without compromising on Source Protection principals. Our Compress PDF utility allows every New York-based Journalist to email large case files without hitting server attachment limits. It is the ultimate utility for protecting whistleblowers, ensuring your practice stays encrypted and secure and efficient."
New York,Journalist,Split PDF,"Securely extract your critical files using advanced precision page extraction. Tailored for the Journalist in New York, this tool addresses the unique challenge of protecting whistleblowers. Uphold Source Protection principals and protect your clients' interests with every document processed."
New York,Journalist,OCR PDF,"Streamline your workflow without compromising on Source Protection principals. Our OCR PDF utility allows every New York-based Journalist to make scanned archives fully searchable and editable. It is the ultimate utility for protecting whistleblowers, ensuring your practice stays encrypted and secure and efficient."
Pennsylvania,Lawyer,Encrypt PDF,"Streamline your workflow without compromising on Attorney-Client Privilege. Our Encrypt PDF utility allows every Pennsylvania-based Lawyer to ensure only authorized personnel can access sensitive files. It is the ultimate utility for handling discovery documents, ensuring your practice stays strictly confidential and efficient."
Pennsylvania,Lawyer,Merge PDF,"In the high-stakes world of Pennsylvania's evidence admissibility sector, a Lawyer cannot risk data breaches. Effectively consolidate your documents with our Merge PDF solution. Designed for handling discovery documents, it guarantees that specific Attorney-Client Privilege standards are met."
Pennsylvania,Lawyer,Word to PDF,"For professional Lawyers in Pennsylvania, maintaining Attorney-Client Privilege is non-negotiable. Use our Word to PDF tool to preserve formatting and prevent unauthorized editing of contracts. Whether you are handling discovery documents or archiving records, ensure your workflow remains strictly confidential."
Pennsylvania,Lawyer,Compress PDF,"Securely optimize your critical files using advanced lossless compression algorithms. Tailored for the Lawyer in Pennsylvania, this tool addresses the unique challenge of handling discovery documents. Uphold Attorney-Client Privilege and protect your clients' interests with every document processed."
Pennsylvania,Lawyer,Split PDF,"For professional Lawyers in Pennsylvania, maintaining Attorney-Client Privilege is non-negotiable. Use our Split PDF tool to isolate specific pages from large regulatory filings. Whether you are handling discovery documents or archiving records, ensure your workflow remains strictly confidential."
Pennsylvania,Lawyer,OCR PDF,"Securely digitize your critical files using advanced optical character recognition. Tailored for the Lawyer in Pennsylvania, this tool addresses the unique challenge of handling discovery documents. Uphold Attorney-Client Privilege and protect your clients' interests with every document processed."
Pennsylvania,Doctor,Encrypt PDF,"For professional Doctors in Pennsylvania, maintaining HIPAA regulations is non-negotiable. Use our Encrypt PDF tool to ensure only authorized personnel can access sensitive files. Whether you are managing patient health records (PHI) or archiving records, ensure your workflow remains medically compliant."
Pennsylvania,Doctor,Merge PDF,"For professional Doctors in Pennsylvania, maintaining HIPAA regulations is non-negotiable. Use our Merge PDF tool to combine scattered evidence and reports into a single cohesive dossier. Whether you are managing patient health records (PHI) or archiving records, ensure your workflow remains medically compliant."
Pennsylvania,Doctor,Word to PDF,"Streamline your workflow without compromising on HIPAA regulations. Our Word to PDF utility allows every Pennsylvania-based Doctor to preserve formatting and prevent unauthorized editing of contracts. It is the ultimate utility for managing patient health records (PHI), ensuring your practice stays medically compliant and efficient."
Pennsylvania,Doctor,Compress PDF,"Securely optimize your critical files using advanced lossless compression algorithms. Tailored for the Doctor in Pennsylvania, this tool addresses the unique challenge of managing patient health records (PHI). Uphold HIPAA regulations and protect your clients' interests with every document processed."
Pennsylvania,Doctor,Split PDF,"Streamline your workflow without compromising on HIPAA regulations. Our Split PDF utility allows every Pennsylvania-based Doctor to isolate specific pages from large regulatory filings. It is the ultimate utility for managing patient health records (PHI), ensuring your practice stays medically compliant and efficient."
Pennsylvania,Doctor,OCR PDF,"Streamline your workflow without compromising on HIPAA regulations. Our OCR PDF utility allows every Pennsylvania-based Doctor to make scanned archives fully searchable and editable. It is the ultimate utility for managing patient health records (PHI), ensuring your practice stays medically compliant and efficient."
Pennsylvania,Accountant,Encrypt PDF,"In the high-stakes world of Pennsylvania's financial data integrity sector, a Accountant cannot risk data breaches. Effectively secure your documents with our Encrypt PDF solution. Designed for preparing tax audits, it guarantees that specific SOX and IRS guidelines standards are met."
Pennsylvania,Accountant,Merge PDF,"Securely consolidate your critical files using advanced seamless document stitching. Tailored for the Accountant in Pennsylvania, this tool addresses the unique challenge of preparing tax audits. Uphold SOX and IRS guidelines and protect your clients' interests with every document processed."
Pennsylvania,Accountant,Word to PDF,"Securely convert your critical files using advanced pixel-perfect layout preservation. Tailored for the Accountant in Pennsylvania, this tool addresses the unique challenge of preparing tax audits. Uphold SOX and IRS guidelines and protect your clients' interests with every document processed."
Pennsylvania,Accountant,Compress PDF,"Securely optimize your critical files using advanced lossless compression algorithms. Tailored for the Accountant in Pennsylvania, this tool addresses the unique challenge of preparing tax audits. Uphold SOX and IRS guidelines and protect your clients' interests with every document processed."
Pennsylvania,Accountant,Split PDF,"Securely extract your critical files using advanced precision page extraction. Tailored for the Accountant in Pennsylvania, this tool addresses the unique challenge of preparing tax audits. Uphold SOX and IRS guidelines and protect your clients' interests with every document processed."
Pennsylvania,Accountant,OCR PDF,"For professional Accountants in Pennsylvania, maintaining SOX and IRS guidelines is non-negotiable. Use our OCR PDF tool to make scanned archives fully searchable and editable. Whether you are preparing tax audits or archiving records, ensure your workflow remains audit-ready."
Pennsylvania,HR Manager,Encrypt PDF,"Streamline your workflow without compromising on GDPR and labor laws. Our Encrypt PDF utility allows every Pennsylvania-based HR Manager to ensure only authorized personnel can access sensitive files. It is the ultimate utility for archiving employee contracts, ensuring your practice stays discreet and efficient."
Pennsylvania,HR Manager,Merge PDF,"Streamline your workflow without compromising on GDPR and labor laws. Our Merge PDF utility allows every Pennsylvania-based HR Manager to combine scattered evidence and reports into a single cohesive dossier. It is the ultimate utility for archiving employee contracts, ensuring your practice stays discreet and efficient."
Pennsylvania,HR Manager,Word to PDF,"Streamline your workflow without compromising on GDPR and labor laws. Our Word to PDF utility allows every Pennsylvania-based HR Manager to preserve formatting and prevent unauthorized editing of contracts. It is the ultimate utility for archiving employee contracts, ensuring your practice stays discreet and efficient."
Pennsylvania,HR Manager,Compress PDF,"For professional HR Managers in Pennsylvania, maintaining GDPR and labor laws is non-negotiable. Use our Compress PDF tool to email large case files without hitting server attachment limits. Whether you are archiving employee contracts or archiving records, ensure your workflow remains discreet."
Pennsylvania,HR Manager,Split PDF,"Streamline your workflow without compromising on GDPR and labor laws. Our Split PDF utility allows every Pennsylvania-based HR Manager to isolate specific pages from large regulatory filings. It is the ultimate utility for archiving employee contracts, ensuring your practice stays discreet and efficient."
Pennsylvania,HR Manager,OCR PDF,"Securely digitize your critical files using advanced optical character recognition. Tailored for the HR Manager in Pennsylvania, this tool addresses the unique challenge of archiving employee contracts. Uphold GDPR and labor laws and protect your clients' interests with every document processed."
Pennsylvania,Detective,Encrypt PDF,"For professional Detectives in Pennsylvania, maintaining Chain of Custody protocols is non-negotiable. Use our Encrypt PDF tool to ensure only authorized personnel can access sensitive files. Whether you are compiling case reports or archiving records, ensure your workflow remains forensic."
Pennsylvania,Detective,Merge PDF,"Securely consolidate your critical files using advanced seamless document stitching. Tailored for the Detective in Pennsylvania, this tool addresses the unique challenge of compiling case reports. Uphold Chain of Custody protocols and protect your clients' interests with every document processed."
Pennsylvania,Detective,Word to PDF,"Securely convert your critical files using advanced pixel-perfect layout preservation. Tailored for the Detective in Pennsylvania, this tool addresses the unique challenge of compiling case reports. Uphold Chain of Custody protocols and protect your clients' interests with every document processed."
Pennsylvania,Detective,Compress PDF,"Streamline your workflow without compromising on Chain of Custody protocols. Our Compress PDF utility allows every Pennsylvania-based Detective to email large case files without hitting server attachment limits. It is the ultimate utility for compiling case reports, ensuring your practice stays forensic and efficient."
Pennsylvania,Detective,Split PDF,"For professional Detectives in Pennsylvania, maintaining Chain of Custody protocols is non-negotiable. Use our Split PDF tool to isolate specific pages from large regulatory filings. Whether you are compiling case reports or archiving records, ensure your workflow remains forensic."
Pennsylvania,Detective,OCR PDF,"Securely digitize your critical files using advanced optical character recognition. Tailored for the Detective in Pennsylvania, this tool addresses the unique challenge of compiling case reports. Uphold Chain of Custody protocols and protect your clients' interests with every document processed."
Pennsylvania,Psychologist,Encrypt PDF,"Streamline your workflow without compromising on ethical confidentiality standards. Our Encrypt PDF utility allows every Pennsylvania-based Psychologist to ensure only authorized personnel can access sensitive files. It is the ultimate utility for storing session notes, ensuring your practice stays highly sensitive and efficient."
Pennsylvania,Psychologist,Merge PDF,"In the high-stakes world of Pennsylvania's client trust sector, a Psychologist cannot risk data breaches. Effectively consolidate your documents with our Merge PDF solution. Designed for storing session notes, it guarantees that specific ethical confidentiality standards standards are met."
Pennsylvania,Psychologist,Word to PDF,"Securely convert your critical files using advanced pixel-perfect layout preservation. Tailored for the Psychologist in Pennsylvania, this tool addresses the unique challenge of storing session notes. Uphold ethical confidentiality standards and protect your clients' interests with every document processed."
Pennsylvania,Psychologist,Compress PDF,"Streamline your workflow without compromising on ethical confidentiality standards. Our Compress PDF utility allows every Pennsylvania-based Psychologist to email large case files without hitting server attachment limits. It is the ultimate utility for storing session notes, ensuring your practice stays highly sensitive and efficient."
Pennsylvania,Psychologist,Split PDF,"Securely extract your critical files using advanced precision page extraction. Tailored for the Psychologist in Pennsylvania, this tool addresses the unique challenge of storing session notes. Uphold ethical confidentiality standards and protect your clients' interests with every document processed."
Pennsylvania,Psychologist,OCR PDF,"For professional Psychologists in Pennsylvania, maintaining ethical confidentiality standards is non-negotiable. Use our OCR PDF tool to make scanned archives fully searchable and editable. Whether you are storing session notes or archiving records, ensure your workflow remains highly sensitive."
Pennsylvania,Financial Advisor,Encrypt PDF,"Securely secure your critical files using advanced AES-256 encryption. Tailored for the Financial Advisor in Pennsylvania, this tool addresses the unique challenge of sharing investment portfolios. Uphold SEC cybersecurity rules and protect your clients' interests with every document processed."
Pennsylvania,Financial Advisor,Merge PDF,"For professional Financial Advisors in Pennsylvania, maintaining SEC cybersecurity rules is non-negotiable. Use our Merge PDF tool to combine scattered evidence and reports into a single cohesive dossier. Whether you are sharing investment portfolios or archiving records, ensure your workflow remains fiduciary."
Pennsylvania,Financial Advisor,Word to PDF,"Securely convert your critical files using advanced pixel-perfect layout preservation. Tailored for the Financial Advisor in Pennsylvania, this tool addresses the unique challenge of sharing investment portfolios. Uphold SEC cybersecurity rules and protect your clients' interests with every document processed."
Pennsylvania,Financial Advisor,Compress PDF,"Securely optimize your critical files using advanced lossless compression algorithms. Tailored for the Financial Advisor in Pennsylvania, this tool addresses the unique challenge of sharing investment portfolios. Uphold SEC cybersecurity rules and protect your clients' interests with every document processed."
Pennsylvania,Financial Advisor,Split PDF,"In the high-stakes world of Pennsylvania's wealth management security sector, a Financial Advisor cannot risk data breaches. Effectively extract your documents with our Split PDF solution. Designed for sharing investment portfolios, it guarantees that specific SEC cybersecurity rules standards are met."
Pennsylvania,Financial Advisor,OCR PDF,"In the high-stakes world of Pennsylvania's wealth management security sector, a Financial Advisor cannot risk data breaches. Effectively digitize your documents with our OCR PDF solution. Designed for sharing investment portfolios, it guarantees that specific SEC cybersecurity rules standards are met."
Pennsylvania,Government Official,Encrypt PDF,"In the high-stakes world of Pennsylvania's national data security sector, a Government Official cannot risk data breaches. Effectively secure your documents with our Encrypt PDF solution. Designed for transmitting inter-agency memos, it guarantees that specific classified information protocols standards are met."
Pennsylvania,Government Official,Merge PDF,"For professional Government Officials in Pennsylvania, maintaining classified information protocols is non-negotiable. Use our Merge PDF tool to combine scattered evidence and reports into a single cohesive dossier. Whether you are transmitting inter-agency memos or archiving records, ensure your workflow remains official."
Pennsylvania,Government Official,Word to PDF,"Securely convert your critical files using advanced pixel-perfect layout preservation. Tailored for the Government Official in Pennsylvania, this tool addresses the unique challenge of transmitting inter-agency memos. Uphold classified information protocols and protect your clients' interests with every document processed."
Pennsylvania,Government Official,Compress PDF,"In the high-stakes world of Pennsylvania's national data security sector, a Government Official cannot risk data breaches. Effectively optimize your documents with our Compress PDF solution. Designed for transmitting inter-agency memos, it guarantees that specific classified information protocols standards are met."
Pennsylvania,Government Official,Split PDF,"Securely extract your critical files using advanced precision page extraction. Tailored for the Government Official in Pennsylvania, this tool addresses the unique challenge of transmitting inter-agency memos. Uphold classified information protocols and protect your clients' interests with every document processed."
Pennsylvania,Government Official,OCR PDF,"For professional Government Officials in Pennsylvania, maintaining classified information protocols is non-negotiable. Use our OCR PDF tool to make scanned archives fully searchable and editable. Whether you are transmitting inter-agency memos or archiving records, ensure your workflow remains official."
Pennsylvania,R&D Scientist,Encrypt PDF,"In the high-stakes world of Pennsylvania's intellectual property theft prevention sector, a R&D Scientist cannot risk data breaches. Effectively secure your documents with our Encrypt PDF solution. Designed for documenting patent findings, it guarantees that specific IP protection laws standards are met."
Pennsylvania,R&D Scientist,Merge PDF,"Streamline your workflow without compromising on IP protection laws. Our Merge PDF utility allows every Pennsylvania-based R&D Scientist to combine scattered evidence and reports into a single cohesive dossier. It is the ultimate utility for documenting patent findings, ensuring your practice stays proprietary and efficient."
Pennsylvania,R&D Scientist,Word to PDF,"Securely convert your critical files using advanced pixel-perfect layout preservation. Tailored for the R&D Scientist in Pennsylvania, this tool addresses the unique challenge of documenting patent findings. Uphold IP protection laws and protect your clients' interests with every document processed."
Pennsylvania,R&D Scientist,Compress PDF,"In the high-stakes world of Pennsylvania's intellectual property theft prevention sector, a R&D Scientist cannot risk data breaches. Effectively optimize your documents with our Compress PDF solution. Designed for documenting patent findings, it guarantees that specific IP protection laws standards are met."
Pennsylvania,R&D Scientist,Split PDF,"In the high-stakes world of Pennsylvania's intellectual property theft prevention sector, a R&D Scientist cannot risk data breaches. Effectively extract your documents with our Split PDF solution. Designed for documenting patent findings, it guarantees that specific IP protection laws standards are met."
Pennsylvania,R&D Scientist,OCR PDF,"For professional R&D Scientists in Pennsylvania, maintaining IP protection laws is non-negotiable. Use our OCR PDF tool to make scanned archives fully searchable and editable. Whether you are documenting patent findings or archiving records, ensure your workflow remains proprietary."
Pennsylvania,Journalist,Encrypt PDF,"In the high-stakes world of Pennsylvania's freedom of press safety sector, a Journalist cannot risk data breaches. Effectively secure your documents with our Encrypt PDF solution. Designed for protecting whistleblowers, it guarantees that specific Source Protection principals standards are met."
Pennsylvania,Journalist,Merge PDF,"In the high-stakes world of Pennsylvania's freedom of press safety sector, a Journalist cannot risk data breaches. Effectively consolidate your documents with our Merge PDF solution. Designed for protecting whistleblowers, it guarantees that specific Source Protection principals standards are met."
Pennsylvania,Journalist,Word to PDF,"In the high-stakes world of Pennsylvania's freedom of press safety sector, a Journalist cannot risk data breaches. Effectively convert your documents with our Word to PDF solution. Designed for protecting whistleblowers, it guarantees that specific Source Protection principals standards are met."
Pennsylvania,Journalist,Compress PDF,"Securely optimize your critical files using advanced lossless compression algorithms. Tailored for the Journalist in Pennsylvania, this tool addresses the unique challenge of protecting whistleblowers. Uphold Source Protection principals and protect your clients' interests with every document processed."
Pennsylvania,Journalist,Split PDF,"Streamline your workflow without compromising on Source Protection principals. Our Split PDF utility allows every Pennsylvania-based Journalist to isolate specific pages from large regulatory filings. It is the ultimate utility for protecting whistleblowers, ensuring your practice stays encrypted and secure and efficient."
Pennsylvania,Journalist,OCR PDF,"Streamline your workflow without compromising on Source Protection principals. Our OCR PDF utility allows every Pennsylvania-based Journalist to make scanned archives fully searchable and editable. It is the ultimate utility for protecting whistleblowers, ensuring your practice stays encrypted and secure and efficient."
Illinois,Lawyer,Encrypt PDF,"For professional Lawyers in Illinois, maintaining Attorney-Client Privilege is non-negotiable. Use our Encrypt PDF tool to ensure only authorized personnel can access sensitive files. Whether you are handling discovery documents or archiving records, ensure your workflow remains strictly confidential."
Illinois,Lawyer,Merge PDF,"For professional Lawyers in Illinois, maintaining Attorney-Client Privilege is non-negotiable. Use our Merge PDF tool to combine scattered evidence and reports into a single cohesive dossier. Whether you are handling discovery documents or archiving records, ensure your workflow remains strictly confidential."
Illinois,Lawyer,Word to PDF,"Securely convert your critical files using advanced pixel-perfect layout preservation. Tailored for the Lawyer in Illinois, this tool addresses the unique challenge of handling discovery documents. Uphold Attorney-Client Privilege and protect your clients' interests with every document processed."
Illinois,Lawyer,Compress PDF,"Securely optimize your critical files using advanced lossless compression algorithms. Tailored for the Lawyer in Illinois, this tool addresses the unique challenge of handling discovery documents. Uphold Attorney-Client Privilege and protect your clients' interests with every document processed."
Illinois,Lawyer,Split PDF,"Securely extract your critical files using advanced precision page extraction. Tailored for the Lawyer in Illinois, this tool addresses the unique challenge of handling discovery documents. Uphold Attorney-Client Privilege and protect your clients' interests with every document processed."
Illinois,Lawyer,OCR PDF,"In the high-stakes world of Illinois's evidence admissibility sector, a Lawyer cannot risk data breaches. Effectively digitize your documents with our OCR PDF solution. Designed for handling discovery documents, it guarantees that specific Attorney-Client Privilege standards are met."
Illinois,Doctor,Encrypt PDF,"For professional Doctors in Illinois, maintaining HIPAA regulations is non-negotiable. Use our Encrypt PDF tool to ensure only authorized personnel can access sensitive files. Whether you are managing patient health records (PHI) or archiving records, ensure your workflow remains medically compliant."
Illinois,Doctor,Merge PDF,"Securely consolidate your critical files using advanced seamless document stitching. Tailored for the Doctor in Illinois, this tool addresses the unique challenge of managing patient health records (PHI). Uphold HIPAA regulations and protect your clients' interests with every document processed."
Illinois,Doctor,Word to PDF,"Securely convert your critical files using advanced pixel-perfect layout preservation. Tailored for the Doctor in Illinois, this tool addresses the unique challenge of managing patient health records (PHI). Uphold HIPAA regulations and protect your clients' interests with every document processed."
Illinois,Doctor,Compress PDF,"Streamline your workflow without compromising on HIPAA regulations. Our Compress PDF utility allows every Illinois-based Doctor to email large case files without hitting server attachment limits. It is the ultimate utility for managing patient health records (PHI), ensuring your practice stays medically compliant and efficient."
Illinois,Doctor,Split PDF,"In the high-stakes world of Illinois's patient privacy sector, a Doctor cannot risk data breaches. Effectively extract your documents with our Split PDF solution. Designed for managing patient health records (PHI), it guarantees that specific HIPAA regulations standards are met."
Illinois,Doctor,OCR PDF,"For professional Doctors in Illinois, maintaining HIPAA regulations is non-negotiable. Use our OCR PDF tool to make scanned archives fully searchable and editable. Whether you are managing patient health records (PHI) or archiving records, ensure your workflow remains medically compliant."
Illinois,Accountant,Encrypt PDF,"In the high-stakes world of Illinois's financial data integrity sector, a Accountant cannot risk data breaches. Effectively secure your documents with our Encrypt PDF solution. Designed for preparing tax audits, it guarantees that specific SOX and IRS guidelines standards are met."
Illinois,Accountant,Merge PDF,"In the high-stakes world of Illinois's financial data integrity sector, a Accountant cannot risk data breaches. Effectively consolidate your documents with our Merge PDF solution. Designed for preparing tax audits, it guarantees that specific SOX and IRS guidelines standards are met."
Illinois,Accountant,Word to PDF,"Streamline your workflow without compromising on SOX and IRS guidelines. Our Word to PDF utility allows every Illinois-based Accountant to preserve formatting and prevent unauthorized editing of contracts. It is the ultimate utility for preparing tax audits, ensuring your practice stays audit-ready and efficient."
Illinois,Accountant,Compress PDF,"In the high-stakes world of Illinois's financial data integrity sector, a Accountant cannot risk data breaches. Effectively optimize your documents with our Compress PDF solution. Designed for preparing tax audits, it guarantees that specific SOX and IRS guidelines standards are met."
Illinois,Accountant,Split PDF,"For professional Accountants in Illinois, maintaining SOX and IRS guidelines is non-negotiable. Use our Split PDF tool to isolate specific pages from large regulatory filings. Whether you are preparing tax audits or archiving records, ensure your workflow remains audit-ready."
Illinois,Accountant,OCR PDF,"For professional Accountants in Illinois, maintaining SOX and IRS guidelines is non-negotiable. Use our OCR PDF tool to make scanned archives fully searchable and editable. Whether you are preparing tax audits or archiving records, ensure your workflow remains audit-ready."
Illinois,HR Manager,Encrypt PDF,"In the high-stakes world of Illinois's personnel data protection sector, a HR Manager cannot risk data breaches. Effectively secure your documents with our Encrypt PDF solution. Designed for archiving employee contracts, it guarantees that specific GDPR and labor laws standards are met."
Illinois,HR Manager,Merge PDF,"Streamline your workflow without compromising on GDPR and labor laws. Our Merge PDF utility allows every Illinois-based HR Manager to combine scattered evidence and reports into a single cohesive dossier. It is the ultimate utility for archiving employee contracts, ensuring your practice stays discreet and efficient."
Illinois,HR Manager,Word to PDF,"In the high-stakes world of Illinois's personnel data protection sector, a HR Manager cannot risk data breaches. Effectively convert your documents with our Word to PDF solution. Designed for archiving employee contracts, it guarantees that specific GDPR and labor laws standards are met."
Illinois,HR Manager,Compress PDF,"Streamline your workflow without compromising on GDPR and labor laws. Our Compress PDF utility allows every Illinois-based HR Manager to email large case files without hitting server attachment limits. It is the ultimate utility for archiving employee contracts, ensuring your practice stays discreet and efficient."
Illinois,HR Manager,Split PDF,"Streamline your workflow without compromising on GDPR and labor laws. Our Split PDF utility allows every Illinois-based HR Manager to isolate specific pages from large regulatory filings. It is the ultimate utility for archiving employee contracts, ensuring your practice stays discreet and efficient."
Illinois,HR Manager,OCR PDF,"Streamline your workflow without compromising on GDPR and labor laws. Our OCR PDF utility allows every Illinois-based HR Manager to make scanned archives fully searchable and editable. It is the ultimate utility for archiving employee contracts, ensuring your practice stays discreet and efficient."
Illinois,Detective,Encrypt PDF,"Streamline your workflow without compromising on Chain of Custody protocols. Our Encrypt PDF utility allows every Illinois-based Detective to ensure only authorized personnel can access sensitive files. It is the ultimate utility for compiling case reports, ensuring your practice stays forensic and efficient."
Illinois,Detective,Merge PDF,"Streamline your workflow without compromising on Chain of Custody protocols. Our Merge PDF utility allows every Illinois-based Detective to combine scattered evidence and reports into a single cohesive dossier. It is the ultimate utility for compiling case reports, ensuring your practice stays forensic and efficient."
Illinois,Detective,Word to PDF,"Securely convert your critical files using advanced pixel-perfect layout preservation. Tailored for the Detective in Illinois, this tool addresses the unique challenge of compiling case reports. Uphold Chain of Custody protocols and protect your clients' interests with every document processed."
Illinois,Detective,Compress PDF,"Securely optimize your critical files using advanced lossless compression algorithms. Tailored for the Detective in Illinois, this tool addresses the unique challenge of compiling case reports. Uphold Chain of Custody protocols and protect your clients' interests with every document processed."
Illinois,Detective,Split PDF,"In the high-stakes world of Illinois's investigative integrity sector, a Detective cannot risk data breaches. Effectively extract your documents with our Split PDF solution. Designed for compiling case reports, it guarantees that specific Chain of Custody protocols standards are met."
Illinois,Detective,OCR PDF,"Streamline your workflow without compromising on Chain of Custody protocols. Our OCR PDF utility allows every Illinois-based Detective to make scanned archives fully searchable and editable. It is the ultimate utility for compiling case reports, ensuring your practice stays forensic and efficient."
Illinois,Psychologist,Encrypt PDF,"In the high-stakes world of Illinois's client trust sector, a Psychologist cannot risk data breaches. Effectively secure your documents with our Encrypt PDF solution. Designed for storing session notes, it guarantees that specific ethical confidentiality standards standards are met."
Illinois,Psychologist,Merge PDF,"For professional Psychologists in Illinois, maintaining ethical confidentiality standards is non-negotiable. Use our Merge PDF tool to combine scattered evidence and reports into a single cohesive dossier. Whether you are storing session notes or archiving records, ensure your workflow remains highly sensitive."
Illinois,Psychologist,Word to PDF,"Streamline your workflow without compromising on ethical confidentiality standards. Our Word to PDF utility allows every Illinois-based Psychologist to preserve formatting and prevent unauthorized editing of contracts. It is the ultimate utility for storing session notes, ensuring your practice stays highly sensitive and efficient."
Illinois,Psychologist,Compress PDF,"In the high-stakes world of Illinois's client trust sector, a Psychologist cannot risk data breaches. Effectively optimize your documents with our Compress PDF solution. Designed for storing session notes, it guarantees that specific ethical confidentiality standards standards are met."
Illinois,Psychologist,Split PDF,"In the high-stakes world of Illinois's client trust sector, a Psychologist cannot risk data breaches. Effectively extract your documents with our Split PDF solution. Designed for storing session notes, it guarantees that specific ethical confidentiality standards standards are met."
Illinois,Psychologist,OCR PDF,"Securely digitize your critical files using advanced optical character recognition. Tailored for the Psychologist in Illinois, this tool addresses the unique challenge of storing session notes. Uphold ethical confidentiality standards and protect your clients' interests with every document processed."
Illinois,Financial Advisor,Encrypt PDF,"For professional Financial Advisors in Illinois, maintaining SEC cybersecurity rules is non-negotiable. Use our Encrypt PDF tool to ensure only authorized personnel can access sensitive files. Whether you are sharing investment portfolios or archiving records, ensure your workflow remains fiduciary."
Illinois,Financial Advisor,Merge PDF,"Streamline your workflow without compromising on SEC cybersecurity rules. Our Merge PDF utility allows every Illinois-based Financial Advisor to combine scattered evidence and reports into a single cohesive dossier. It is the ultimate utility for sharing investment portfolios, ensuring your practice stays fiduciary and efficient."
Illinois,Financial Advisor,Word to PDF,"Streamline your workflow without compromising on SEC cybersecurity rules. Our Word to PDF utility allows every Illinois-based Financial Advisor to preserve formatting and prevent unauthorized editing of contracts. It is the ultimate utility for sharing investment portfolios, ensuring your practice stays fiduciary and efficient."
Illinois,Financial Advisor,Compress PDF,"Streamline your workflow without compromising on SEC cybersecurity rules. Our Compress PDF utility allows every Illinois-based Financial Advisor to email large case files without hitting server attachment limits. It is the ultimate utility for sharing investment portfolios, ensuring your practice stays fiduciary and efficient."
Illinois,Financial Advisor,Split PDF,"Securely extract your critical files using advanced precision page extraction. Tailored for the Financial Advisor in Illinois, this tool addresses the unique challenge of sharing investment portfolios. Uphold SEC cybersecurity rules and protect your clients' interests with every document processed."
Illinois,Financial Advisor,OCR PDF,"In the high-stakes world of Illinois's wealth management security sector, a Financial Advisor cannot risk data breaches. Effectively digitize your documents with our OCR PDF solution. Designed for sharing investment portfolios, it guarantees that specific SEC cybersecurity rules standards are met."
Illinois,Government Official,Encrypt PDF,"For professional Government Officials in Illinois, maintaining classified information protocols is non-negotiable. Use our Encrypt PDF tool to ensure only authorized personnel can access sensitive files. Whether you are transmitting inter-agency memos or archiving records, ensure your workflow remains official."
Illinois,Government Official,Merge PDF,"For professional Government Officials in Illinois, maintaining classified information protocols is non-negotiable. Use our Merge PDF tool to combine scattered evidence and reports into a single cohesive dossier. Whether you are transmitting inter-agency memos or archiving records, ensure your workflow remains official."
Illinois,Government Official,Word to PDF,"For professional Government Officials in Illinois, maintaining classified information protocols is non-negotiable. Use our Word to PDF tool to preserve formatting and prevent unauthorized editing of contracts. Whether you are transmitting inter-agency memos or archiving records, ensure your workflow remains official."
Illinois,Government Official,Compress PDF,"In the high-stakes world of Illinois's national data security sector, a Government Official cannot risk data breaches. Effectively optimize your documents with our Compress PDF solution. Designed for transmitting inter-agency memos, it guarantees that specific classified information protocols standards are met."
Illinois,Government Official,Split PDF,"Securely extract your critical files using advanced precision page extraction. Tailored for the Government Official in Illinois, this tool addresses the unique challenge of transmitting inter-agency memos. Uphold classified information protocols and protect your clients' interests with every document processed."
Illinois,Government Official,OCR PDF,"In the high-stakes world of Illinois's national data security sector, a Government Official cannot risk data breaches. Effectively digitize your documents with our OCR PDF solution. Designed for transmitting inter-agency memos, it guarantees that specific classified information protocols standards are met."
Illinois,R&D Scientist,Encrypt PDF,"Streamline your workflow without compromising on IP protection laws. Our Encrypt PDF utility allows every Illinois-based R&D Scientist to ensure only authorized personnel can access sensitive files. It is the ultimate utility for documenting patent findings, ensuring your practice stays proprietary and efficient."
Illinois,R&D Scientist,Merge PDF,"Securely consolidate your critical files using advanced seamless document stitching. Tailored for the R&D Scientist in Illinois, this tool addresses the unique challenge of documenting patent findings. Uphold IP protection laws and protect your clients' interests with every document processed."
Illinois,R&D Scientist,Word to PDF,"Streamline your workflow without compromising on IP protection laws. Our Word to PDF utility allows every Illinois-based R&D Scientist to preserve formatting and prevent unauthorized editing of contracts. It is the ultimate utility for documenting patent findings, ensuring your practice stays proprietary and efficient."
Illinois,R&D Scientist,Compress PDF,"For professional R&D Scientists in Illinois, maintaining IP protection laws is non-negotiable. Use our Compress PDF tool to email large case files without hitting server attachment limits. Whether you are documenting patent findings or archiving records, ensure your workflow remains proprietary."
Illinois,R&D Scientist,Split PDF,"For professional R&D Scientists in Illinois, maintaining IP protection laws is non-negotiable. Use our Split PDF tool to isolate specific pages from large regulatory filings. Whether you are documenting patent findings or archiving records, ensure your workflow remains proprietary."
Illinois,R&D Scientist,OCR PDF,"For professional R&D Scientists in Illinois, maintaining IP protection laws is non-negotiable. Use our OCR PDF tool to make scanned archives fully searchable and editable. Whether you are documenting patent findings or archiving records, ensure your workflow remains proprietary."
Illinois,Journalist,Encrypt PDF,"In the high-stakes world of Illinois's freedom of press safety sector, a Journalist cannot risk data breaches. Effectively secure your documents with our Encrypt PDF solution. Designed for protecting whistleblowers, it guarantees that specific Source Protection principals standards are met."
Illinois,Journalist,Merge PDF,"Streamline your workflow without compromising on Source Protection principals. Our Merge PDF utility allows every Illinois-based Journalist to combine scattered evidence and reports into a single cohesive dossier. It is the ultimate utility for protecting whistleblowers, ensuring your practice stays encrypted and secure and efficient."
Illinois,Journalist,Word to PDF,"Securely convert your critical files using advanced pixel-perfect layout preservation. Tailored for the Journalist in Illinois, this tool addresses the unique challenge of protecting whistleblowers. Uphold Source Protection principals and protect your clients' interests with every document processed."
Illinois,Journalist,Compress PDF,"For professional Journalists in Illinois, maintaining Source Protection principals is non-negotiable. Use our Compress PDF tool to email large case files without hitting server attachment limits. Whether you are protecting whistleblowers or archiving records, ensure your workflow remains encrypted and secure."
Illinois,Journalist,Split PDF,"For professional Journalists in Illinois, maintaining Source Protection principals is non-negotiable. Use our Split PDF tool to isolate specific pages from large regulatory filings. Whether you are protecting whistleblowers or archiving records, ensure your workflow remains encrypted and secure."
Illinois,Journalist,OCR PDF,"In the high-stakes world of Illinois's freedom of press safety sector, a Journalist cannot risk data breaches. Effectively digitize your documents with our OCR PDF solution. Designed for protecting whistleblowers, it guarantees that specific Source Protection principals standards are met."
Ohio,Lawyer,Encrypt PDF,"In the high-stakes world of Ohio's evidence admissibility sector, a Lawyer cannot risk data breaches. Effectively secure your documents with our Encrypt PDF solution. Designed for handling discovery documents, it guarantees that specific Attorney-Client Privilege standards are met."
Ohio,Lawyer,Merge PDF,"In the high-stakes world of Ohio's evidence admissibility sector, a Lawyer cannot risk data breaches. Effectively consolidate your documents with our Merge PDF solution. Designed for handling discovery documents, it guarantees that specific Attorney-Client Privilege standards are met."
Ohio,Lawyer,Word to PDF,"Streamline your workflow without compromising on Attorney-Client Privilege. Our Word to PDF utility allows every Ohio-based Lawyer to preserve formatting and prevent unauthorized editing of contracts. It is the ultimate utility for handling discovery documents, ensuring your practice stays strictly confidential and efficient."
Ohio,Lawyer,Compress PDF,"Securely optimize your critical files using advanced lossless compression algorithms. Tailored for the Lawyer in Ohio, this tool addresses the unique challenge of handling discovery documents. Uphold Attorney-Client Privilege and protect your clients' interests with every document processed."
Ohio,Lawyer,Split PDF,"For professional Lawyers in Ohio, maintaining Attorney-Client Privilege is non-negotiable. Use our Split PDF tool to isolate specific pages from large regulatory filings. Whether you are handling discovery documents or archiving records, ensure your workflow remains strictly confidential."
Ohio,Lawyer,OCR PDF,"In the high-stakes world of Ohio's evidence admissibility sector, a Lawyer cannot risk data breaches. Effectively digitize your documents with our OCR PDF solution. Designed for handling discovery documents, it guarantees that specific Attorney-Client Privilege standards are met."
Ohio,Doctor,Encrypt PDF,"For professional Doctors in Ohio, maintaining HIPAA regulations is non-negotiable. Use our Encrypt PDF tool to ensure only authorized personnel can access sensitive files. Whether you are managing patient health records (PHI) or archiving records, ensure your workflow remains medically compliant."
Ohio,Doctor,Merge PDF,"In the high-stakes world of Ohio's patient privacy sector, a Doctor cannot risk data breaches. Effectively consolidate your documents with our Merge PDF solution. Designed for managing patient health records (PHI), it guarantees that specific HIPAA regulations standards are met."
Ohio,Doctor,Word to PDF,"In the high-stakes world of Ohio's patient privacy sector, a Doctor cannot risk data breaches. Effectively convert your documents with our Word to PDF solution. Designed for managing patient health records (PHI), it guarantees that specific HIPAA regulations standards are met."
Ohio,Doctor,Compress PDF,"For professional Doctors in Ohio, maintaining HIPAA regulations is non-negotiable. Use our Compress PDF tool to email large case files without hitting server attachment limits. Whether you are managing patient health records (PHI) or archiving records, ensure your workflow remains medically compliant."
Ohio,Doctor,Split PDF,"In the high-stakes world of Ohio's patient privacy sector, a Doctor cannot risk data breaches. Effectively extract your documents with our Split PDF solution. Designed for managing patient health records (PHI), it guarantees that specific HIPAA regulations standards are met."
Ohio,Doctor,OCR PDF,"For professional Doctors in Ohio, maintaining HIPAA regulations is non-negotiable. Use our OCR PDF tool to make scanned archives fully searchable and editable. Whether you are managing patient health records (PHI) or archiving records, ensure your workflow remains medically compliant."
Ohio,Accountant,Encrypt PDF,"Securely secure your critical files using advanced AES-256 encryption. Tailored for the Accountant in Ohio, this tool addresses the unique challenge of preparing tax audits. Uphold SOX and IRS guidelines and protect your clients' interests with every document processed."
Ohio,Accountant,Merge PDF,"In the high-stakes world of Ohio's financial data integrity sector, a Accountant cannot risk data breaches. Effectively consolidate your documents with our Merge PDF solution. Designed for preparing tax audits, it guarantees that specific SOX and IRS guidelines standards are met."
Ohio,Accountant,Word to PDF,"For professional Accountants in Ohio, maintaining SOX and IRS guidelines is non-negotiable. Use our Word to PDF tool to preserve formatting and prevent unauthorized editing of contracts. Whether you are preparing tax audits or archiving records, ensure your workflow remains audit-ready."
Ohio,Accountant,Compress PDF,"In the high-stakes world of Ohio's financial data integrity sector, a Accountant cannot risk data breaches. Effectively optimize your documents with our Compress PDF solution. Designed for preparing tax audits, it guarantees that specific SOX and IRS guidelines standards are met."
Ohio,Accountant,Split PDF,"For professional Accountants in Ohio, maintaining SOX and IRS guidelines is non-negotiable. Use our Split PDF tool to isolate specific pages from large regulatory filings. Whether you are preparing tax audits or archiving records, ensure your workflow remains audit-ready."
Ohio,Accountant,OCR PDF,"Securely digitize your critical files using advanced optical character recognition. Tailored for the Accountant in Ohio, this tool addresses the unique challenge of preparing tax audits. Uphold SOX and IRS guidelines and protect your clients' interests with every document processed."
Ohio,HR Manager,Encrypt PDF,"Streamline your workflow without compromising on GDPR and labor laws. Our Encrypt PDF utility allows every Ohio-based HR Manager to ensure only authorized personnel can access sensitive files. It is the ultimate utility for archiving employee contracts, ensuring your practice stays discreet and efficient."
Ohio,HR Manager,Merge PDF,"Securely consolidate your critical files using advanced seamless document stitching. Tailored for the HR Manager in Ohio, this tool addresses the unique challenge of archiving employee contracts. Uphold GDPR and labor laws and protect your clients' interests with every document processed."
Ohio,HR Manager,Word to PDF,"Streamline your workflow without compromising on GDPR and labor laws. Our Word to PDF utility allows every Ohio-based HR Manager to preserve formatting and prevent unauthorized editing of contracts. It is the ultimate utility for archiving employee contracts, ensuring your practice stays discreet and efficient."
Ohio,HR Manager,Compress PDF,"Securely optimize your critical files using advanced lossless compression algorithms. Tailored for the HR Manager in Ohio, this tool addresses the unique challenge of archiving employee contracts. Uphold GDPR and labor laws and protect your clients' interests with every document processed."
Ohio,HR Manager,Split PDF,"Securely extract your critical files using advanced precision page extraction. Tailored for the HR Manager in Ohio, this tool addresses the unique challenge of archiving employee contracts. Uphold GDPR and labor laws and protect your clients' interests with every document processed."
Ohio,HR Manager,OCR PDF,"For professional HR Managers in Ohio, maintaining GDPR and labor laws is non-negotiable. Use our OCR PDF tool to make scanned archives fully searchable and editable. Whether you are archiving employee contracts or archiving records, ensure your workflow remains discreet."
Ohio,Detective,Encrypt PDF,"Securely secure your critical files using advanced AES-256 encryption. Tailored for the Detective in Ohio, this tool addresses the unique challenge of compiling case reports. Uphold Chain of Custody protocols and protect your clients' interests with every document processed."
Ohio,Detective,Merge PDF,"For professional Detectives in Ohio, maintaining Chain of Custody protocols is non-negotiable. Use our Merge PDF tool to combine scattered evidence and reports into a single cohesive dossier. Whether you are compiling case reports or archiving records, ensure your workflow remains forensic."
Ohio,Detective,Word to PDF,"In the high-stakes world of Ohio's investigative integrity sector, a Detective cannot risk data breaches. Effectively convert your documents with our Word to PDF solution. Designed for compiling case reports, it guarantees that specific Chain of Custody protocols standards are met."
Ohio,Detective,Compress PDF,"For professional Detectives in Ohio, maintaining Chain of Custody protocols is non-negotiable. Use our Compress PDF tool to email large case files without hitting server attachment limits. Whether you are compiling case reports or archiving records, ensure your workflow remains forensic."
Ohio,Detective,Split PDF,"For professional Detectives in Ohio, maintaining Chain of Custody protocols is non-negotiable. Use our Split PDF tool to isolate specific pages from large regulatory filings. Whether you are compiling case reports or archiving records, ensure your workflow remains forensic."
Ohio,Detective,OCR PDF,"Streamline your workflow without compromising on Chain of Custody protocols. Our OCR PDF utility allows every Ohio-based Detective to make scanned archives fully searchable and editable. It is the ultimate utility for compiling case reports, ensuring your practice stays forensic and efficient."
Ohio,Psychologist,Encrypt PDF,"In the high-stakes world of Ohio's client trust sector, a Psychologist cannot risk data breaches. Effectively secure your documents with our Encrypt PDF solution. Designed for storing session notes, it guarantees that specific ethical confidentiality standards standards are met."
Ohio,Psychologist,Merge PDF,"In the high-stakes world of Ohio's client trust sector, a Psychologist cannot risk data breaches. Effectively consolidate your documents with our Merge PDF solution. Designed for storing session notes, it guarantees that specific ethical confidentiality standards standards are met."
Ohio,Psychologist,Word to PDF,"For professional Psychologists in Ohio, maintaining ethical confidentiality standards is non-negotiable. Use our Word to PDF tool to preserve formatting and prevent unauthorized editing of contracts. Whether you are storing session notes or archiving records, ensure your workflow remains highly sensitive."
Ohio,Psychologist,Compress PDF,"For professional Psychologists in Ohio, maintaining ethical confidentiality standards is non-negotiable. Use our Compress PDF tool to email large case files without hitting server attachment limits. Whether you are storing session notes or archiving records, ensure your workflow remains highly sensitive."
Ohio,Psychologist,Split PDF,"For professional Psychologists in Ohio, maintaining ethical confidentiality standards is non-negotiable. Use our Split PDF tool to isolate specific pages from large regulatory filings. Whether you are storing session notes or archiving records, ensure your workflow remains highly sensitive."
Ohio,Psychologist,OCR PDF,"Streamline your workflow without compromising on ethical confidentiality standards. Our OCR PDF utility allows every Ohio-based Psychologist to make scanned archives fully searchable and editable. It is the ultimate utility for storing session notes, ensuring your practice stays highly sensitive and efficient."
Ohio,Financial Advisor,Encrypt PDF,"In the high-stakes world of Ohio's wealth management security sector, a Financial Advisor cannot risk data breaches. Effectively secure your documents with our Encrypt PDF solution. Designed for sharing investment portfolios, it guarantees that specific SEC cybersecurity rules standards are met."
Ohio,Financial Advisor,Merge PDF,"Streamline your workflow without compromising on SEC cybersecurity rules. Our Merge PDF utility allows every Ohio-based Financial Advisor to combine scattered evidence and reports into a single cohesive dossier. It is the ultimate utility for sharing investment portfolios, ensuring your practice stays fiduciary and efficient."
Ohio,Financial Advisor,Word to PDF,"Streamline your workflow without compromising on SEC cybersecurity rules. Our Word to PDF utility allows every Ohio-based Financial Advisor to preserve formatting and prevent unauthorized editing of contracts. It is the ultimate utility for sharing investment portfolios, ensuring your practice stays fiduciary and efficient."
Ohio,Financial Advisor,Compress PDF,"In the high-stakes world of Ohio's wealth management security sector, a Financial Advisor cannot risk data breaches. Effectively optimize your documents with our Compress PDF solution. Designed for sharing investment portfolios, it guarantees that specific SEC cybersecurity rules standards are met."
Ohio,Financial Advisor,Split PDF,"Securely extract your critical files using advanced precision page extraction. Tailored for the Financial Advisor in Ohio, this tool addresses the unique challenge of sharing investment portfolios. Uphold SEC cybersecurity rules and protect your clients' interests with every document processed."
Ohio,Financial Advisor,OCR PDF,"Streamline your workflow without compromising on SEC cybersecurity rules. Our OCR PDF utility allows every Ohio-based Financial Advisor to make scanned archives fully searchable and editable. It is the ultimate utility for sharing investment portfolios, ensuring your practice stays fiduciary and efficient."
Ohio,Government Official,Encrypt PDF,"Securely secure your critical files using advanced AES-256 encryption. Tailored for the Government Official in Ohio, this tool addresses the unique challenge of transmitting inter-agency memos. Uphold classified information protocols and protect your clients' interests with every document processed."
Ohio,Government Official,Merge PDF,"In the high-stakes world of Ohio's national data security sector, a Government Official cannot risk data breaches. Effectively consolidate your documents with our Merge PDF solution. Designed for transmitting inter-agency memos, it guarantees that specific classified information protocols standards are met."
Ohio,Government Official,Word to PDF,"For professional Government Officials in Ohio, maintaining classified information protocols is non-negotiable. Use our Word to PDF tool to preserve formatting and prevent unauthorized editing of contracts. Whether you are transmitting inter-agency memos or archiving records, ensure your workflow remains official."
Ohio,Government Official,Compress PDF,"In the high-stakes world of Ohio's national data security sector, a Government Official cannot risk data breaches. Effectively optimize your documents with our Compress PDF solution. Designed for transmitting inter-agency memos, it guarantees that specific classified information protocols standards are met."
Ohio,Government Official,Split PDF,"For professional Government Officials in Ohio, maintaining classified information protocols is non-negotiable. Use our Split PDF tool to isolate specific pages from large regulatory filings. Whether you are transmitting inter-agency memos or archiving records, ensure your workflow remains official."
Ohio,Government Official,OCR PDF,"Streamline your workflow without compromising on classified information protocols. Our OCR PDF utility allows every Ohio-based Government Official to make scanned archives fully searchable and editable. It is the ultimate utility for transmitting inter-agency memos, ensuring your practice stays official and efficient."
Ohio,R&D Scientist,Encrypt PDF,"For professional R&D Scientists in Ohio, maintaining IP protection laws is non-negotiable. Use our Encrypt PDF tool to ensure only authorized personnel can access sensitive files. Whether you are documenting patent findings or archiving records, ensure your workflow remains proprietary."
Ohio,R&D Scientist,Merge PDF,"Streamline your workflow without compromising on IP protection laws. Our Merge PDF utility allows every Ohio-based R&D Scientist to combine scattered evidence and reports into a single cohesive dossier. It is the ultimate utility for documenting patent findings, ensuring your practice stays proprietary and efficient."
Ohio,R&D Scientist,Word to PDF,"Streamline your workflow without compromising on IP protection laws. Our Word to PDF utility allows every Ohio-based R&D Scientist to preserve formatting and prevent unauthorized editing of contracts. It is the ultimate utility for documenting patent findings, ensuring your practice stays proprietary and efficient."
Ohio,R&D Scientist,Compress PDF,"Streamline your workflow without compromising on IP protection laws. Our Compress PDF utility allows every Ohio-based R&D Scientist to email large case files without hitting server attachment limits. It is the ultimate utility for documenting patent findings, ensuring your practice stays proprietary and efficient."
Ohio,R&D Scientist,Split PDF,"Streamline your workflow without compromising on IP protection laws. Our Split PDF utility allows every Ohio-based R&D Scientist to isolate specific pages from large regulatory filings. It is the ultimate utility for documenting patent findings, ensuring your practice stays proprietary and efficient."
Ohio,R&D Scientist,OCR PDF,"Streamline your workflow without compromising on IP protection laws. Our OCR PDF utility allows every Ohio-based R&D Scientist to make scanned archives fully searchable and editable. It is the ultimate utility for documenting patent findings, ensuring your practice stays proprietary and efficient."
Ohio,Journalist,Encrypt PDF,"Securely secure your critical files using advanced AES-256 encryption. Tailored for the Journalist in Ohio, this tool addresses the unique challenge of protecting whistleblowers. Uphold Source Protection principals and protect your clients' interests with every document processed."
Ohio,Journalist,Merge PDF,"In the high-stakes world of Ohio's freedom of press safety sector, a Journalist cannot risk data breaches. Effectively consolidate your documents with our Merge PDF solution. Designed for protecting whistleblowers, it guarantees that specific Source Protection principals standards are met."
Ohio,Journalist,Word to PDF,"In the high-stakes world of Ohio's freedom of press safety sector, a Journalist cannot risk data breaches. Effectively convert your documents with our Word to PDF solution. Designed for protecting whistleblowers, it guarantees that specific Source Protection principals standards are met."
Ohio,Journalist,Compress PDF,"Securely optimize your critical files using advanced lossless compression algorithms. Tailored for the Journalist in Ohio, this tool addresses the unique challenge of protecting whistleblowers. Uphold Source Protection principals and protect your clients' interests with every document processed."
Ohio,Journalist,Split PDF,"Securely extract your critical files using advanced precision page extraction. Tailored for the Journalist in Ohio, this tool addresses the unique challenge of protecting whistleblowers. Uphold Source Protection principals and protect your clients' interests with every document processed."
Ohio,Journalist,OCR PDF,"For professional Journalists in Ohio, maintaining Source Protection principals is non-negotiable. Use our OCR PDF tool to make scanned archives fully searchable and editable. Whether you are protecting whistleblowers or archiving records, ensure your workflow remains encrypted and secure."
Georgia,Lawyer,Encrypt PDF,"Streamline your workflow without compromising on Attorney-Client Privilege. Our Encrypt PDF utility allows every Georgia-based Lawyer to ensure only authorized personnel can access sensitive files. It is the ultimate utility for handling discovery documents, ensuring your practice stays strictly confidential and efficient."
Georgia,Lawyer,Merge PDF,"In the high-stakes world of Georgia's evidence admissibility sector, a Lawyer cannot risk data breaches. Effectively consolidate your documents with our Merge PDF solution. Designed for handling discovery documents, it guarantees that specific Attorney-Client Privilege standards are met."
Georgia,Lawyer,Word to PDF,"For professional Lawyers in Georgia, maintaining Attorney-Client Privilege is non-negotiable. Use our Word to PDF tool to preserve formatting and prevent unauthorized editing of contracts. Whether you are handling discovery documents or archiving records, ensure your workflow remains strictly confidential."
Georgia,Lawyer,Compress PDF,"For professional Lawyers in Georgia, maintaining Attorney-Client Privilege is non-negotiable. Use our Compress PDF tool to email large case files without hitting server attachment limits. Whether you are handling discovery documents or archiving records, ensure your workflow remains strictly confidential."
Georgia,Lawyer,Split PDF,"Securely extract your critical files using advanced precision page extraction. Tailored for the Lawyer in Georgia, this tool addresses the unique challenge of handling discovery documents. Uphold Attorney-Client Privilege and protect your clients' interests with every document processed."
Georgia,Lawyer,OCR PDF,"Securely digitize your critical files using advanced optical character recognition. Tailored for the Lawyer in Georgia, this tool addresses the unique challenge of handling discovery documents. Uphold Attorney-Client Privilege and protect your clients' interests with every document processed."
Georgia,Doctor,Encrypt PDF,"Streamline your workflow without compromising on HIPAA regulations. Our Encrypt PDF utility allows every Georgia-based Doctor to ensure only authorized personnel can access sensitive files. It is the ultimate utility for managing patient health records (PHI), ensuring your practice stays medically compliant and efficient."
Georgia,Doctor,Merge PDF,"For professional Doctors in Georgia, maintaining HIPAA regulations is non-negotiable. Use our Merge PDF tool to combine scattered evidence and reports into a single cohesive dossier. Whether you are managing patient health records (PHI) or archiving records, ensure your workflow remains medically compliant."
Georgia,Doctor,Word to PDF,"In the high-stakes world of Georgia's patient privacy sector, a Doctor cannot risk data breaches. Effectively convert your documents with our Word to PDF solution. Designed for managing patient health records (PHI), it guarantees that specific HIPAA regulations standards are met."
Georgia,Doctor,Compress PDF,"Securely optimize your critical files using advanced lossless compression algorithms. Tailored for the Doctor in Georgia, this tool addresses the unique challenge of managing patient health records (PHI). Uphold HIPAA regulations and protect your clients' interests with every document processed."
Georgia,Doctor,Split PDF,"Streamline your workflow without compromising on HIPAA regulations. Our Split PDF utility allows every Georgia-based Doctor to isolate specific pages from large regulatory filings. It is the ultimate utility for managing patient health records (PHI), ensuring your practice stays medically compliant and efficient."
Georgia,Doctor,OCR PDF,"Streamline your workflow without compromising on HIPAA regulations. Our OCR PDF utility allows every Georgia-based Doctor to make scanned archives fully searchable and editable. It is the ultimate utility for managing patient health records (PHI), ensuring your practice stays medically compliant and efficient."
Georgia,Accountant,Encrypt PDF,"Securely secure your critical files using advanced AES-256 encryption. Tailored for the Accountant in Georgia, this tool addresses the unique challenge of preparing tax audits. Uphold SOX and IRS guidelines and protect your clients' interests with every document processed."
Georgia,Accountant,Merge PDF,"In the high-stakes world of Georgia's financial data integrity sector, a Accountant cannot risk data breaches. Effectively consolidate your documents with our Merge PDF solution. Designed for preparing tax audits, it guarantees that specific SOX and IRS guidelines standards are met."
Georgia,Accountant,Word to PDF,"For professional Accountants in Georgia, maintaining SOX and IRS guidelines is non-negotiable. Use our Word to PDF tool to preserve formatting and prevent unauthorized editing of contracts. Whether you are preparing tax audits or archiving records, ensure your workflow remains audit-ready."
Georgia,Accountant,Compress PDF,"In the high-stakes world of Georgia's financial data integrity sector, a Accountant cannot risk data breaches. Effectively optimize your documents with our Compress PDF solution. Designed for preparing tax audits, it guarantees that specific SOX and IRS guidelines standards are met."
Georgia,Accountant,Split PDF,"Securely extract your critical files using advanced precision page extraction. Tailored for the Accountant in Georgia, this tool addresses the unique challenge of preparing tax audits. Uphold SOX and IRS guidelines and protect your clients' interests with every document processed."
Georgia,Accountant,OCR PDF,"For professional Accountants in Georgia, maintaining SOX and IRS guidelines is non-negotiable. Use our OCR PDF tool to make scanned archives fully searchable and editable. Whether you are preparing tax audits or archiving records, ensure your workflow remains audit-ready."
Georgia,HR Manager,Encrypt PDF,"For professional HR Managers in Georgia, maintaining GDPR and labor laws is non-negotiable. Use our Encrypt PDF tool to ensure only authorized personnel can access sensitive files. Whether you are archiving employee contracts or archiving records, ensure your workflow remains discreet."
Georgia,HR Manager,Merge PDF,"Streamline your workflow without compromising on GDPR and labor laws. Our Merge PDF utility allows every Georgia-based HR Manager to combine scattered evidence and reports into a single cohesive dossier. It is the ultimate utility for archiving employee contracts, ensuring your practice stays discreet and efficient."
Georgia,HR Manager,Word to PDF,"Streamline your workflow without compromising on GDPR and labor laws. Our Word to PDF utility allows every Georgia-based HR Manager to preserve formatting and prevent unauthorized editing of contracts. It is the ultimate utility for archiving employee contracts, ensuring your practice stays discreet and efficient."
Georgia,HR Manager,Compress PDF,"For professional HR Managers in Georgia, maintaining GDPR and labor laws is non-negotiable. Use our Compress PDF tool to email large case files without hitting server attachment limits. Whether you are archiving employee contracts or archiving records, ensure your workflow remains discreet."
Georgia,HR Manager,Split PDF,"For professional HR Managers in Georgia, maintaining GDPR and labor laws is non-negotiable. Use our Split PDF tool to isolate specific pages from large regulatory filings. Whether you are archiving employee contracts or archiving records, ensure your workflow remains discreet."
Georgia,HR Manager,OCR PDF,"For professional HR Managers in Georgia, maintaining GDPR and labor laws is non-negotiable. Use our OCR PDF tool to make scanned archives fully searchable and editable. Whether you are archiving employee contracts or archiving records, ensure your workflow remains discreet."
Georgia,Detective,Encrypt PDF,"For professional Detectives in Georgia, maintaining Chain of Custody protocols is non-negotiable. Use our Encrypt PDF tool to ensure only authorized personnel can access sensitive files. Whether you are compiling case reports or archiving records, ensure your workflow remains forensic."
Georgia,Detective,Merge PDF,"In the high-stakes world of Georgia's investigative integrity sector, a Detective cannot risk data breaches. Effectively consolidate your documents with our Merge PDF solution. Designed for compiling case reports, it guarantees that specific Chain of Custody protocols standards are met."
Georgia,Detective,Word to PDF,"Streamline your workflow without compromising on Chain of Custody protocols. Our Word to PDF utility allows every Georgia-based Detective to preserve formatting and prevent unauthorized editing of contracts. It is the ultimate utility for compiling case reports, ensuring your practice stays forensic and efficient."
Georgia,Detective,Compress PDF,"In the high-stakes world of Georgia's investigative integrity sector, a Detective cannot risk data breaches. Effectively optimize your documents with our Compress PDF solution. Designed for compiling case reports, it guarantees that specific Chain of Custody protocols standards are met."
Georgia,Detective,Split PDF,"Securely extract your critical files using advanced precision page extraction. Tailored for the Detective in Georgia, this tool addresses the unique challenge of compiling case reports. Uphold Chain of Custody protocols and protect your clients' interests with every document processed."
Georgia,Detective,OCR PDF,"In the high-stakes world of Georgia's investigative integrity sector, a Detective cannot risk data breaches. Effectively digitize your documents with our OCR PDF solution. Designed for compiling case reports, it guarantees that specific Chain of Custody protocols standards are met."
Georgia,Psychologist,Encrypt PDF,"In the high-stakes world of Georgia's client trust sector, a Psychologist cannot risk data breaches. Effectively secure your documents with our Encrypt PDF solution. Designed for storing session notes, it guarantees that specific ethical confidentiality standards standards are met."
Georgia,Psychologist,Merge PDF,"In the high-stakes world of Georgia's client trust sector, a Psychologist cannot risk data breaches. Effectively consolidate your documents with our Merge PDF solution. Designed for storing session notes, it guarantees that specific ethical confidentiality standards standards are met."
Georgia,Psychologist,Word to PDF,"Streamline your workflow without compromising on ethical confidentiality standards. Our Word to PDF utility allows every Georgia-based Psychologist to preserve formatting and prevent unauthorized editing of contracts. It is the ultimate utility for storing session notes, ensuring your practice stays highly sensitive and efficient."
Georgia,Psychologist,Compress PDF,"Securely optimize your critical files using advanced lossless compression algorithms. Tailored for the Psychologist in Georgia, this tool addresses the unique challenge of storing session notes. Uphold ethical confidentiality standards and protect your clients' interests with every document processed."
Georgia,Psychologist,Split PDF,"In the high-stakes world of Georgia's client trust sector, a Psychologist cannot risk data breaches. Effectively extract your documents with our Split PDF solution. Designed for storing session notes, it guarantees that specific ethical confidentiality standards standards are met."
Georgia,Psychologist,OCR PDF,"In the high-stakes world of Georgia's client trust sector, a Psychologist cannot risk data breaches. Effectively digitize your documents with our OCR PDF solution. Designed for storing session notes, it guarantees that specific ethical confidentiality standards standards are met."
Georgia,Financial Advisor,Encrypt PDF,"Streamline your workflow without compromising on SEC cybersecurity rules. Our Encrypt PDF utility allows every Georgia-based Financial Advisor to ensure only authorized personnel can access sensitive files. It is the ultimate utility for sharing investment portfolios, ensuring your practice stays fiduciary and efficient."
Georgia,Financial Advisor,Merge PDF,"For professional Financial Advisors in Georgia, maintaining SEC cybersecurity rules is non-negotiable. Use our Merge PDF tool to combine scattered evidence and reports into a single cohesive dossier. Whether you are sharing investment portfolios or archiving records, ensure your workflow remains fiduciary."
Georgia,Financial Advisor,Word to PDF,"Streamline your workflow without compromising on SEC cybersecurity rules. Our Word to PDF utility allows every Georgia-based Financial Advisor to preserve formatting and prevent unauthorized editing of contracts. It is the ultimate utility for sharing investment portfolios, ensuring your practice stays fiduciary and efficient."
Georgia,Financial Advisor,Compress PDF,"Streamline your workflow without compromising on SEC cybersecurity rules. Our Compress PDF utility allows every Georgia-based Financial Advisor to email large case files without hitting server attachment limits. It is the ultimate utility for sharing investment portfolios, ensuring your practice stays fiduciary and efficient."
Georgia,Financial Advisor,Split PDF,"Securely extract your critical files using advanced precision page extraction. Tailored for the Financial Advisor in Georgia, this tool addresses the unique challenge of sharing investment portfolios. Uphold SEC cybersecurity rules and protect your clients' interests with every document processed."
Georgia,Financial Advisor,OCR PDF,"For professional Financial Advisors in Georgia, maintaining SEC cybersecurity rules is non-negotiable. Use our OCR PDF tool to make scanned archives fully searchable and editable. Whether you are sharing investment portfolios or archiving records, ensure your workflow remains fiduciary."
Georgia,Government Official,Encrypt PDF,"Securely secure your critical files using advanced AES-256 encryption. Tailored for the Government Official in Georgia, this tool addresses the unique challenge of transmitting inter-agency memos. Uphold classified information protocols and protect your clients' interests with every document processed."
Georgia,Government Official,Merge PDF,"In the high-stakes world of Georgia's national data security sector, a Government Official cannot risk data breaches. Effectively consolidate your documents with our Merge PDF solution. Designed for transmitting inter-agency memos, it guarantees that specific classified information protocols standards are met."
Georgia,Government Official,Word to PDF,"In the high-stakes world of Georgia's national data security sector, a Government Official cannot risk data breaches. Effectively convert your documents with our Word to PDF solution. Designed for transmitting inter-agency memos, it guarantees that specific classified information protocols standards are met."
Georgia,Government Official,Compress PDF,"In the high-stakes world of Georgia's national data security sector, a Government Official cannot risk data breaches. Effectively optimize your documents with our Compress PDF solution. Designed for transmitting inter-agency memos, it guarantees that specific classified information protocols standards are met."
Georgia,Government Official,Split PDF,"Securely extract your critical files using advanced precision page extraction. Tailored for the Government Official in Georgia, this tool addresses the unique challenge of transmitting inter-agency memos. Uphold classified information protocols and protect your clients' interests with every document processed."
Georgia,Government Official,OCR PDF,"Streamline your workflow without compromising on classified information protocols. Our OCR PDF utility allows every Georgia-based Government Official to make scanned archives fully searchable and editable. It is the ultimate utility for transmitting inter-agency memos, ensuring your practice stays official and efficient."
Georgia,R&D Scientist,Encrypt PDF,"For professional R&D Scientists in Georgia, maintaining IP protection laws is non-negotiable. Use our Encrypt PDF tool to ensure only authorized personnel can access sensitive files. Whether you are documenting patent findings or archiving records, ensure your workflow remains proprietary."
Georgia,R&D Scientist,Merge PDF,"Securely consolidate your critical files using advanced seamless document stitching. Tailored for the R&D Scientist in Georgia, this tool addresses the unique challenge of documenting patent findings. Uphold IP protection laws and protect your clients' interests with every document processed."
Georgia,R&D Scientist,Word to PDF,"Streamline your workflow without compromising on IP protection laws. Our Word to PDF utility allows every Georgia-based R&D Scientist to preserve formatting and prevent unauthorized editing of contracts. It is the ultimate utility for documenting patent findings, ensuring your practice stays proprietary and efficient."
Georgia,R&D Scientist,Compress PDF,"For professional R&D Scientists in Georgia, maintaining IP protection laws is non-negotiable. Use our Compress PDF tool to email large case files without hitting server attachment limits. Whether you are documenting patent findings or archiving records, ensure your workflow remains proprietary."
Georgia,R&D Scientist,Split PDF,"In the high-stakes world of Georgia's intellectual property theft prevention sector, a R&D Scientist cannot risk data breaches. Effectively extract your documents with our Split PDF solution. Designed for documenting patent findings, it guarantees that specific IP protection laws standards are met."
Georgia,R&D Scientist,OCR PDF,"Securely digitize your critical files using advanced optical character recognition. Tailored for the R&D Scientist in Georgia, this tool addresses the unique challenge of documenting patent findings. Uphold IP protection laws and protect your clients' interests with every document processed."
Georgia,Journalist,Encrypt PDF,"For professional Journalists in Georgia, maintaining Source Protection principals is non-negotiable. Use our Encrypt PDF tool to ensure only authorized personnel can access sensitive files. Whether you are protecting whistleblowers or archiving records, ensure your workflow remains encrypted and secure."
Georgia,Journalist,Merge PDF,"For professional Journalists in Georgia, maintaining Source Protection principals is non-negotiable. Use our Merge PDF tool to combine scattered evidence and reports into a single cohesive dossier. Whether you are protecting whistleblowers or archiving records, ensure your workflow remains encrypted and secure."
Georgia,Journalist,Word to PDF,"Securely convert your critical files using advanced pixel-perfect layout preservation. Tailored for the Journalist in Georgia, this tool addresses the unique challenge of protecting whistleblowers. Uphold Source Protection principals and protect your clients' interests with every document processed."
Georgia,Journalist,Compress PDF,"Streamline your workflow without compromising on Source Protection principals. Our Compress PDF utility allows every Georgia-based Journalist to email large case files without hitting server attachment limits. It is the ultimate utility for protecting whistleblowers, ensuring your practice stays encrypted and secure and efficient."
Georgia,Journalist,Split PDF,"Streamline your workflow without compromising on Source Protection principals. Our Split PDF utility allows every Georgia-based Journalist to isolate specific pages from large regulatory filings. It is the ultimate utility for protecting whistleblowers, ensuring your practice stays encrypted and secure and efficient."
Georgia,Journalist,OCR PDF,"Securely digitize your critical files using advanced optical character recognition. Tailored for the Journalist in Georgia, this tool addresses the unique challenge of protecting whistleblowers. Uphold Source Protection principals and protect your clients' interests with every document processed."
North Carolina,Lawyer,Encrypt PDF,"For professional Lawyers in North Carolina, maintaining Attorney-Client Privilege is non-negotiable. Use our Encrypt PDF tool to ensure only authorized personnel can access sensitive files. Whether you are handling discovery documents or archiving records, ensure your workflow remains strictly confidential."
North Carolina,Lawyer,Merge PDF,"In the high-stakes world of North Carolina's evidence admissibility sector, a Lawyer cannot risk data breaches. Effectively consolidate your documents with our Merge PDF solution. Designed for handling discovery documents, it guarantees that specific Attorney-Client Privilege standards are met."
North Carolina,Lawyer,Word to PDF,"In the high-stakes world of North Carolina's evidence admissibility sector, a Lawyer cannot risk data breaches. Effectively convert your documents with our Word to PDF solution. Designed for handling discovery documents, it guarantees that specific Attorney-Client Privilege standards are met."
North Carolina,Lawyer,Compress PDF,"Streamline your workflow without compromising on Attorney-Client Privilege. Our Compress PDF utility allows every North Carolina-based Lawyer to email large case files without hitting server attachment limits. It is the ultimate utility for handling discovery documents, ensuring your practice stays strictly confidential and efficient."
North Carolina,Lawyer,Split PDF,"In the high-stakes world of North Carolina's evidence admissibility sector, a Lawyer cannot risk data breaches. Effectively extract your documents with our Split PDF solution. Designed for handling discovery documents, it guarantees that specific Attorney-Client Privilege standards are met."
North Carolina,Lawyer,OCR PDF,"Streamline your workflow without compromising on Attorney-Client Privilege. Our OCR PDF utility allows every North Carolina-based Lawyer to make scanned archives fully searchable and editable. It is the ultimate utility for handling discovery documents, ensuring your practice stays strictly confidential and efficient."
North Carolina,Doctor,Encrypt PDF,"Streamline your workflow without compromising on HIPAA regulations. Our Encrypt PDF utility allows every North Carolina-based Doctor to ensure only authorized personnel can access sensitive files. It is the ultimate utility for managing patient health records (PHI), ensuring your practice stays medically compliant and efficient."
North Carolina,Doctor,Merge PDF,"In the high-stakes world of North Carolina's patient privacy sector, a Doctor cannot risk data breaches. Effectively consolidate your documents with our Merge PDF solution. Designed for managing patient health records (PHI), it guarantees that specific HIPAA regulations standards are met."
North Carolina,Doctor,Word to PDF,"Streamline your workflow without compromising on HIPAA regulations. Our Word to PDF utility allows every North Carolina-based Doctor to preserve formatting and prevent unauthorized editing of contracts. It is the ultimate utility for managing patient health records (PHI), ensuring your practice stays medically compliant and efficient."
North Carolina,Doctor,Compress PDF,"Streamline your workflow without compromising on HIPAA regulations. Our Compress PDF utility allows every North Carolina-based Doctor to email large case files without hitting server attachment limits. It is the ultimate utility for managing patient health records (PHI), ensuring your practice stays medically compliant and efficient."
North Carolina,Doctor,Split PDF,"Securely extract your critical files using advanced precision page extraction. Tailored for the Doctor in North Carolina, this tool addresses the unique challenge of managing patient health records (PHI). Uphold HIPAA regulations and protect your clients' interests with every document processed."
North Carolina,Doctor,OCR PDF,"For professional Doctors in North Carolina, maintaining HIPAA regulations is non-negotiable. Use our OCR PDF tool to make scanned archives fully searchable and editable. Whether you are managing patient health records (PHI) or archiving records, ensure your workflow remains medically compliant."
North Carolina,Accountant,Encrypt PDF,"Streamline your workflow without compromising on SOX and IRS guidelines. Our Encrypt PDF utility allows every North Carolina-based Accountant to ensure only authorized personnel can access sensitive files. It is the ultimate utility for preparing tax audits, ensuring your practice stays audit-ready and efficient."
North Carolina,Accountant,Merge PDF,"In the high-stakes world of North Carolina's financial data integrity sector, a Accountant cannot risk data breaches. Effectively consolidate your documents with our Merge PDF solution. Designed for preparing tax audits, it guarantees that specific SOX and IRS guidelines standards are met."
North Carolina,Accountant,Word to PDF,"Securely convert your critical files using advanced pixel-perfect layout preservation. Tailored for the Accountant in North Carolina, this tool addresses the unique challenge of preparing tax audits. Uphold SOX and IRS guidelines and protect your clients' interests with every document processed."
North Carolina,Accountant,Compress PDF,"Streamline your workflow without compromising on SOX and IRS guidelines. Our Compress PDF utility allows every North Carolina-based Accountant to email large case files without hitting server attachment limits. It is the ultimate utility for preparing tax audits, ensuring your practice stays audit-ready and efficient."
North Carolina,Accountant,Split PDF,"Securely extract your critical files using advanced precision page extraction. Tailored for the Accountant in North Carolina, this tool addresses the unique challenge of preparing tax audits. Uphold SOX and IRS guidelines and protect your clients' interests with every document processed."
North Carolina,Accountant,OCR PDF,"In the high-stakes world of North Carolina's financial data integrity sector, a Accountant cannot risk data breaches. Effectively digitize your documents with our OCR PDF solution. Designed for preparing tax audits, it guarantees that specific SOX and IRS guidelines standards are met."
North Carolina,HR Manager,Encrypt PDF,"For professional HR Managers in North Carolina, maintaining GDPR and labor laws is non-negotiable. Use our Encrypt PDF tool to ensure only authorized personnel can access sensitive files. Whether you are archiving employee contracts or archiving records, ensure your workflow remains discreet."
North Carolina,HR Manager,Merge PDF,"For professional HR Managers in North Carolina, maintaining GDPR and labor laws is non-negotiable. Use our Merge PDF tool to combine scattered evidence and reports into a single cohesive dossier. Whether you are archiving employee contracts or archiving records, ensure your workflow remains discreet."
North Carolina,HR Manager,Word to PDF,"For professional HR Managers in North Carolina, maintaining GDPR and labor laws is non-negotiable. Use our Word to PDF tool to preserve formatting and prevent unauthorized editing of contracts. Whether you are archiving employee contracts or archiving records, ensure your workflow remains discreet."
North Carolina,HR Manager,Compress PDF,"In the high-stakes world of North Carolina's personnel data protection sector, a HR Manager cannot risk data breaches. Effectively optimize your documents with our Compress PDF solution. Designed for archiving employee contracts, it guarantees that specific GDPR and labor laws standards are met."
North Carolina,HR Manager,Split PDF,"For professional HR Managers in North Carolina, maintaining GDPR and labor laws is non-negotiable. Use our Split PDF tool to isolate specific pages from large regulatory filings. Whether you are archiving employee contracts or archiving records, ensure your workflow remains discreet."
North Carolina,HR Manager,OCR PDF,"Securely digitize your critical files using advanced optical character recognition. Tailored for the HR Manager in North Carolina, this tool addresses the unique challenge of archiving employee contracts. Uphold GDPR and labor laws and protect your clients' interests with every document processed."
North Carolina,Detective,Encrypt PDF,"In the high-stakes world of North Carolina's investigative integrity sector, a Detective cannot risk data breaches. Effectively secure your documents with our Encrypt PDF solution. Designed for compiling case reports, it guarantees that specific Chain of Custody protocols standards are met."
North Carolina,Detective,Merge PDF,"For professional Detectives in North Carolina, maintaining Chain of Custody protocols is non-negotiable. Use our Merge PDF tool to combine scattered evidence and reports into a single cohesive dossier. Whether you are compiling case reports or archiving records, ensure your workflow remains forensic."
North Carolina,Detective,Word to PDF,"In the high-stakes world of North Carolina's investigative integrity sector, a Detective cannot risk data breaches. Effectively convert your documents with our Word to PDF solution. Designed for compiling case reports, it guarantees that specific Chain of Custody protocols standards are met."
North Carolina,Detective,Compress PDF,"For professional Detectives in North Carolina, maintaining Chain of Custody protocols is non-negotiable. Use our Compress PDF tool to email large case files without hitting server attachment limits. Whether you are compiling case reports or archiving records, ensure your workflow remains forensic."
North Carolina,Detective,Split PDF,"For professional Detectives in North Carolina, maintaining Chain of Custody protocols is non-negotiable. Use our Split PDF tool to isolate specific pages from large regulatory filings. Whether you are compiling case reports or archiving records, ensure your workflow remains forensic."
North Carolina,Detective,OCR PDF,"For professional Detectives in North Carolina, maintaining Chain of Custody protocols is non-negotiable. Use our OCR PDF tool to make scanned archives fully searchable and editable. Whether you are compiling case reports or archiving records, ensure your workflow remains forensic."
North Carolina,Psychologist,Encrypt PDF,"For professional Psychologists in North Carolina, maintaining ethical confidentiality standards is non-negotiable. Use our Encrypt PDF tool to ensure only authorized personnel can access sensitive files. Whether you are storing session notes or archiving records, ensure your workflow remains highly sensitive."
North Carolina,Psychologist,Merge PDF,"In the high-stakes world of North Carolina's client trust sector, a Psychologist cannot risk data breaches. Effectively consolidate your documents with our Merge PDF solution. Designed for storing session notes, it guarantees that specific ethical confidentiality standards standards are met."
North Carolina,Psychologist,Word to PDF,"For professional Psychologists in North Carolina, maintaining ethical confidentiality standards is non-negotiable. Use our Word to PDF tool to preserve formatting and prevent unauthorized editing of contracts. Whether you are storing session notes or archiving records, ensure your workflow remains highly sensitive."
North Carolina,Psychologist,Compress PDF,"For professional Psychologists in North Carolina, maintaining ethical confidentiality standards is non-negotiable. Use our Compress PDF tool to email large case files without hitting server attachment limits. Whether you are storing session notes or archiving records, ensure your workflow remains highly sensitive."
North Carolina,Psychologist,Split PDF,"Streamline your workflow without compromising on ethical confidentiality standards. Our Split PDF utility allows every North Carolina-based Psychologist to isolate specific pages from large regulatory filings. It is the ultimate utility for storing session notes, ensuring your practice stays highly sensitive and efficient."
North Carolina,Psychologist,OCR PDF,"In the high-stakes world of North Carolina's client trust sector, a Psychologist cannot risk data breaches. Effectively digitize your documents with our OCR PDF solution. Designed for storing session notes, it guarantees that specific ethical confidentiality standards standards are met."
North Carolina,Financial Advisor,Encrypt PDF,"Streamline your workflow without compromising on SEC cybersecurity rules. Our Encrypt PDF utility allows every North Carolina-based Financial Advisor to ensure only authorized personnel can access sensitive files. It is the ultimate utility for sharing investment portfolios, ensuring your practice stays fiduciary and efficient."
North Carolina,Financial Advisor,Merge PDF,"In the high-stakes world of North Carolina's wealth management security sector, a Financial Advisor cannot risk data breaches. Effectively consolidate your documents with our Merge PDF solution. Designed for sharing investment portfolios, it guarantees that specific SEC cybersecurity rules standards are met."
North Carolina,Financial Advisor,Word to PDF,"In the high-stakes world of North Carolina's wealth management security sector, a Financial Advisor cannot risk data breaches. Effectively convert your documents with our Word to PDF solution. Designed for sharing investment portfolios, it guarantees that specific SEC cybersecurity rules standards are met."
North Carolina,Financial Advisor,Compress PDF,"For professional Financial Advisors in North Carolina, maintaining SEC cybersecurity rules is non-negotiable. Use our Compress PDF tool to email large case files without hitting server attachment limits. Whether you are sharing investment portfolios or archiving records, ensure your workflow remains fiduciary."
North Carolina,Financial Advisor,Split PDF,"For professional Financial Advisors in North Carolina, maintaining SEC cybersecurity rules is non-negotiable. Use our Split PDF tool to isolate specific pages from large regulatory filings. Whether you are sharing investment portfolios or archiving records, ensure your workflow remains fiduciary."
North Carolina,Financial Advisor,OCR PDF,"Streamline your workflow without compromising on SEC cybersecurity rules. Our OCR PDF utility allows every North Carolina-based Financial Advisor to make scanned archives fully searchable and editable. It is the ultimate utility for sharing investment portfolios, ensuring your practice stays fiduciary and efficient."
North Carolina,Government Official,Encrypt PDF,"For professional Government Officials in North Carolina, maintaining classified information protocols is non-negotiable. Use our Encrypt PDF tool to ensure only authorized personnel can access sensitive files. Whether you are transmitting inter-agency memos or archiving records, ensure your workflow remains official."
North Carolina,Government Official,Merge PDF,"For professional Government Officials in North Carolina, maintaining classified information protocols is non-negotiable. Use our Merge PDF tool to combine scattered evidence and reports into a single cohesive dossier. Whether you are transmitting inter-agency memos or archiving records, ensure your workflow remains official."
North Carolina,Government Official,Word to PDF,"Securely convert your critical files using advanced pixel-perfect layout preservation. Tailored for the Government Official in North Carolina, this tool addresses the unique challenge of transmitting inter-agency memos. Uphold classified information protocols and protect your clients' interests with every document processed."
North Carolina,Government Official,Compress PDF,"In the high-stakes world of North Carolina's national data security sector, a Government Official cannot risk data breaches. Effectively optimize your documents with our Compress PDF solution. Designed for transmitting inter-agency memos, it guarantees that specific classified information protocols standards are met."
North Carolina,Government Official,Split PDF,"For professional Government Officials in North Carolina, maintaining classified information protocols is non-negotiable. Use our Split PDF tool to isolate specific pages from large regulatory filings. Whether you are transmitting inter-agency memos or archiving records, ensure your workflow remains official."
North Carolina,Government Official,OCR PDF,"For professional Government Officials in North Carolina, maintaining classified information protocols is non-negotiable. Use our OCR PDF tool to make scanned archives fully searchable and editable. Whether you are transmitting inter-agency memos or archiving records, ensure your workflow remains official."
North Carolina,R&D Scientist,Encrypt PDF,"In the high-stakes world of North Carolina's intellectual property theft prevention sector, a R&D Scientist cannot risk data breaches. Effectively secure your documents with our Encrypt PDF solution. Designed for documenting patent findings, it guarantees that specific IP protection laws standards are met."
North Carolina,R&D Scientist,Merge PDF,"In the high-stakes world of North Carolina's intellectual property theft prevention sector, a R&D Scientist cannot risk data breaches. Effectively consolidate your documents with our Merge PDF solution. Designed for documenting patent findings, it guarantees that specific IP protection laws standards are met."
North Carolina,R&D Scientist,Word to PDF,"For professional R&D Scientists in North Carolina, maintaining IP protection laws is non-negotiable. Use our Word to PDF tool to preserve formatting and prevent unauthorized editing of contracts. Whether you are documenting patent findings or archiving records, ensure your workflow remains proprietary."
North Carolina,R&D Scientist,Compress PDF,"In the high-stakes world of North Carolina's intellectual property theft prevention sector, a R&D Scientist cannot risk data breaches. Effectively optimize your documents with our Compress PDF solution. Designed for documenting patent findings, it guarantees that specific IP protection laws standards are met."
North Carolina,R&D Scientist,Split PDF,"For professional R&D Scientists in North Carolina, maintaining IP protection laws is non-negotiable. Use our Split PDF tool to isolate specific pages from large regulatory filings. Whether you are documenting patent findings or archiving records, ensure your workflow remains proprietary."
North Carolina,R&D Scientist,OCR PDF,"Securely digitize your critical files using advanced optical character recognition. Tailored for the R&D Scientist in North Carolina, this tool addresses the unique challenge of documenting patent findings. Uphold IP protection laws and protect your clients' interests with every document processed."
North Carolina,Journalist,Encrypt PDF,"Streamline your workflow without compromising on Source Protection principals. Our Encrypt PDF utility allows every North Carolina-based Journalist to ensure only authorized personnel can access sensitive files. It is the ultimate utility for protecting whistleblowers, ensuring your practice stays encrypted and secure and efficient."
North Carolina,Journalist,Merge PDF,"Securely consolidate your critical files using advanced seamless document stitching. Tailored for the Journalist in North Carolina, this tool addresses the unique challenge of protecting whistleblowers. Uphold Source Protection principals and protect your clients' interests with every document processed."
North Carolina,Journalist,Word to PDF,"Streamline your workflow without compromising on Source Protection principals. Our Word to PDF utility allows every North Carolina-based Journalist to preserve formatting and prevent unauthorized editing of contracts. It is the ultimate utility for protecting whistleblowers, ensuring your practice stays encrypted and secure and efficient."
North Carolina,Journalist,Compress PDF,"In the high-stakes world of North Carolina's freedom of press safety sector, a Journalist cannot risk data breaches. Effectively optimize your documents with our Compress PDF solution. Designed for protecting whistleblowers, it guarantees that specific Source Protection principals standards are met."
North Carolina,Journalist,Split PDF,"Streamline your workflow without compromising on Source Protection principals. Our Split PDF utility allows every North Carolina-based Journalist to isolate specific pages from large regulatory filings. It is the ultimate utility for protecting whistleblowers, ensuring your practice stays encrypted and secure and efficient."
North Carolina,Journalist,OCR PDF,"For professional Journalists in North Carolina, maintaining Source Protection principals is non-negotiable. Use our OCR PDF tool to make scanned archives fully searchable and editable. Whether you are protecting whistleblowers or archiving records, ensure your workflow remains encrypted and secure."
Michigan,Lawyer,Encrypt PDF,"In the high-stakes world of Michigan's evidence admissibility sector, a Lawyer cannot risk data breaches. Effectively secure your documents with our Encrypt PDF solution. Designed for handling discovery documents, it guarantees that specific Attorney-Client Privilege standards are met."
Michigan,Lawyer,Merge PDF,"In the high-stakes world of Michigan's evidence admissibility sector, a Lawyer cannot risk data breaches. Effectively consolidate your documents with our Merge PDF solution. Designed for handling discovery documents, it guarantees that specific Attorney-Client Privilege standards are met."
Michigan,Lawyer,Word to PDF,"For professional Lawyers in Michigan, maintaining Attorney-Client Privilege is non-negotiable. Use our Word to PDF tool to preserve formatting and prevent unauthorized editing of contracts. Whether you are handling discovery documents or archiving records, ensure your workflow remains strictly confidential."
Michigan,Lawyer,Compress PDF,"For professional Lawyers in Michigan, maintaining Attorney-Client Privilege is non-negotiable. Use our Compress PDF tool to email large case files without hitting server attachment limits. Whether you are handling discovery documents or archiving records, ensure your workflow remains strictly confidential."
Michigan,Lawyer,Split PDF,"Securely extract your critical files using advanced precision page extraction. Tailored for the Lawyer in Michigan, this tool addresses the unique challenge of handling discovery documents. Uphold Attorney-Client Privilege and protect your clients' interests with every document processed."
Michigan,Lawyer,OCR PDF,"Securely digitize your critical files using advanced optical character recognition. Tailored for the Lawyer in Michigan, this tool addresses the unique challenge of handling discovery documents. Uphold Attorney-Client Privilege and protect your clients' interests with every document processed."
Michigan,Doctor,Encrypt PDF,"Streamline your workflow without compromising on HIPAA regulations. Our Encrypt PDF utility allows every Michigan-based Doctor to ensure only authorized personnel can access sensitive files. It is the ultimate utility for managing patient health records (PHI), ensuring your practice stays medically compliant and efficient."
Michigan,Doctor,Merge PDF,"Securely consolidate your critical files using advanced seamless document stitching. Tailored for the Doctor in Michigan, this tool addresses the unique challenge of managing patient health records (PHI). Uphold HIPAA regulations and protect your clients' interests with every document processed."
Michigan,Doctor,Word to PDF,"In the high-stakes world of Michigan's patient privacy sector, a Doctor cannot risk data breaches. Effectively convert your documents with our Word to PDF solution. Designed for managing patient health records (PHI), it guarantees that specific HIPAA regulations standards are met."
Michigan,Doctor,Compress PDF,"For professional Doctors in Michigan, maintaining HIPAA regulations is non-negotiable. Use our Compress PDF tool to email large case files without hitting server attachment limits. Whether you are managing patient health records (PHI) or archiving records, ensure your workflow remains medically compliant."
Michigan,Doctor,Split PDF,"Securely extract your critical files using advanced precision page extraction. Tailored for the Doctor in Michigan, this tool addresses the unique challenge of managing patient health records (PHI). Uphold HIPAA regulations and protect your clients' interests with every document processed."
Michigan,Doctor,OCR PDF,"Streamline your workflow without compromising on HIPAA regulations. Our OCR PDF utility allows every Michigan-based Doctor to make scanned archives fully searchable and editable. It is the ultimate utility for managing patient health records (PHI), ensuring your practice stays medically compliant and efficient."
Michigan,Accountant,Encrypt PDF,"In the high-stakes world of Michigan's financial data integrity sector, a Accountant cannot risk data breaches. Effectively secure your documents with our Encrypt PDF solution. Designed for preparing tax audits, it guarantees that specific SOX and IRS guidelines standards are met."
Michigan,Accountant,Merge PDF,"Streamline your workflow without compromising on SOX and IRS guidelines. Our Merge PDF utility allows every Michigan-based Accountant to combine scattered evidence and reports into a single cohesive dossier. It is the ultimate utility for preparing tax audits, ensuring your practice stays audit-ready and efficient."
Michigan,Accountant,Word to PDF,"Securely convert your critical files using advanced pixel-perfect layout preservation. Tailored for the Accountant in Michigan, this tool addresses the unique challenge of preparing tax audits. Uphold SOX and IRS guidelines and protect your clients' interests with every document processed."
Michigan,Accountant,Compress PDF,"Streamline your workflow without compromising on SOX and IRS guidelines. Our Compress PDF utility allows every Michigan-based Accountant to email large case files without hitting server attachment limits. It is the ultimate utility for preparing tax audits, ensuring your practice stays audit-ready and efficient."
Michigan,Accountant,Split PDF,"Securely extract your critical files using advanced precision page extraction. Tailored for the Accountant in Michigan, this tool addresses the unique challenge of preparing tax audits. Uphold SOX and IRS guidelines and protect your clients' interests with every document processed."
Michigan,Accountant,OCR PDF,"For professional Accountants in Michigan, maintaining SOX and IRS guidelines is non-negotiable. Use our OCR PDF tool to make scanned archives fully searchable and editable. Whether you are preparing tax audits or archiving records, ensure your workflow remains audit-ready."
Michigan,HR Manager,Encrypt PDF,"For professional HR Managers in Michigan, maintaining GDPR and labor laws is non-negotiable. Use our Encrypt PDF tool to ensure only authorized personnel can access sensitive files. Whether you are archiving employee contracts or archiving records, ensure your workflow remains discreet."
Michigan,HR Manager,Merge PDF,"In the high-stakes world of Michigan's personnel data protection sector, a HR Manager cannot risk data breaches. Effectively consolidate your documents with our Merge PDF solution. Designed for archiving employee contracts, it guarantees that specific GDPR and labor laws standards are met."
Michigan,HR Manager,Word to PDF,"For professional HR Managers in Michigan, maintaining GDPR and labor laws is non-negotiable. Use our Word to PDF tool to preserve formatting and prevent unauthorized editing of contracts. Whether you are archiving employee contracts or archiving records, ensure your workflow remains discreet."
Michigan,HR Manager,Compress PDF,"Streamline your workflow without compromising on GDPR and labor laws. Our Compress PDF utility allows every Michigan-based HR Manager to email large case files without hitting server attachment limits. It is the ultimate utility for archiving employee contracts, ensuring your practice stays discreet and efficient."
Michigan,HR Manager,Split PDF,"For professional HR Managers in Michigan, maintaining GDPR and labor laws is non-negotiable. Use our Split PDF tool to isolate specific pages from large regulatory filings. Whether you are archiving employee contracts or archiving records, ensure your workflow remains discreet."
Michigan,HR Manager,OCR PDF,"In the high-stakes world of Michigan's personnel data protection sector, a HR Manager cannot risk data breaches. Effectively digitize your documents with our OCR PDF solution. Designed for archiving employee contracts, it guarantees that specific GDPR and labor laws standards are met."
Michigan,Detective,Encrypt PDF,"For professional Detectives in Michigan, maintaining Chain of Custody protocols is non-negotiable. Use our Encrypt PDF tool to ensure only authorized personnel can access sensitive files. Whether you are compiling case reports or archiving records, ensure your workflow remains forensic."
Michigan,Detective,Merge PDF,"Streamline your workflow without compromising on Chain of Custody protocols. Our Merge PDF utility allows every Michigan-based Detective to combine scattered evidence and reports into a single cohesive dossier. It is the ultimate utility for compiling case reports, ensuring your practice stays forensic and efficient."
Michigan,Detective,Word to PDF,"Securely convert your critical files using advanced pixel-perfect layout preservation. Tailored for the Detective in Michigan, this tool addresses the unique challenge of compiling case reports. Uphold Chain of Custody protocols and protect your clients' interests with every document processed."
Michigan,Detective,Compress PDF,"In the high-stakes world of Michigan's investigative integrity sector, a Detective cannot risk data breaches. Effectively optimize your documents with our Compress PDF solution. Designed for compiling case reports, it guarantees that specific Chain of Custody protocols standards are met."
Michigan,Detective,Split PDF,"Streamline your workflow without compromising on Chain of Custody protocols. Our Split PDF utility allows every Michigan-based Detective to isolate specific pages from large regulatory filings. It is the ultimate utility for compiling case reports, ensuring your practice stays forensic and efficient."
Michigan,Detective,OCR PDF,"For professional Detectives in Michigan, maintaining Chain of Custody protocols is non-negotiable. Use our OCR PDF tool to make scanned archives fully searchable and editable. Whether you are compiling case reports or archiving records, ensure your workflow remains forensic."
Michigan,Psychologist,Encrypt PDF,"Streamline your workflow without compromising on ethical confidentiality standards. Our Encrypt PDF utility allows every Michigan-based Psychologist to ensure only authorized personnel can access sensitive files. It is the ultimate utility for storing session notes, ensuring your practice stays highly sensitive and efficient."
Michigan,Psychologist,Merge PDF,"Securely consolidate your critical files using advanced seamless document stitching. Tailored for the Psychologist in Michigan, this tool addresses the unique challenge of storing session notes. Uphold ethical confidentiality standards and protect your clients' interests with every document processed."
Michigan,Psychologist,Word to PDF,"For professional Psychologists in Michigan, maintaining ethical confidentiality standards is non-negotiable. Use our Word to PDF tool to preserve formatting and prevent unauthorized editing of contracts. Whether you are storing session notes or archiving records, ensure your workflow remains highly sensitive."
Michigan,Psychologist,Compress PDF,"For professional Psychologists in Michigan, maintaining ethical confidentiality standards is non-negotiable. Use our Compress PDF tool to email large case files without hitting server attachment limits. Whether you are storing session notes or archiving records, ensure your workflow remains highly sensitive."
Michigan,Psychologist,Split PDF,"Streamline your workflow without compromising on ethical confidentiality standards. Our Split PDF utility allows every Michigan-based Psychologist to isolate specific pages from large regulatory filings. It is the ultimate utility for storing session notes, ensuring your practice stays highly sensitive and efficient."
Michigan,Psychologist,OCR PDF,"Streamline your workflow without compromising on ethical confidentiality standards. Our OCR PDF utility allows every Michigan-based Psychologist to make scanned archives fully searchable and editable. It is the ultimate utility for storing session notes, ensuring your practice stays highly sensitive and efficient."
Michigan,Financial Advisor,Encrypt PDF,"For professional Financial Advisors in Michigan, maintaining SEC cybersecurity rules is non-negotiable. Use our Encrypt PDF tool to ensure only authorized personnel can access sensitive files. Whether you are sharing investment portfolios or archiving records, ensure your workflow remains fiduciary."
Michigan,Financial Advisor,Merge PDF,"In the high-stakes world of Michigan's wealth management security sector, a Financial Advisor cannot risk data breaches. Effectively consolidate your documents with our Merge PDF solution. Designed for sharing investment portfolios, it guarantees that specific SEC cybersecurity rules standards are met."
Michigan,Financial Advisor,Word to PDF,"Securely convert your critical files using advanced pixel-perfect layout preservation. Tailored for the Financial Advisor in Michigan, this tool addresses the unique challenge of sharing investment portfolios. Uphold SEC cybersecurity rules and protect your clients' interests with every document processed."
Michigan,Financial Advisor,Compress PDF,"Securely optimize your critical files using advanced lossless compression algorithms. Tailored for the Financial Advisor in Michigan, this tool addresses the unique challenge of sharing investment portfolios. Uphold SEC cybersecurity rules and protect your clients' interests with every document processed."
Michigan,Financial Advisor,Split PDF,"Streamline your workflow without compromising on SEC cybersecurity rules. Our Split PDF utility allows every Michigan-based Financial Advisor to isolate specific pages from large regulatory filings. It is the ultimate utility for sharing investment portfolios, ensuring your practice stays fiduciary and efficient."
Michigan,Financial Advisor,OCR PDF,"Securely digitize your critical files using advanced optical character recognition. Tailored for the Financial Advisor in Michigan, this tool addresses the unique challenge of sharing investment portfolios. Uphold SEC cybersecurity rules and protect your clients' interests with every document processed."
Michigan,Government Official,Encrypt PDF,"Securely secure your critical files using advanced AES-256 encryption. Tailored for the Government Official in Michigan, this tool addresses the unique challenge of transmitting inter-agency memos. Uphold classified information protocols and protect your clients' interests with every document processed."
Michigan,Government Official,Merge PDF,"Securely consolidate your critical files using advanced seamless document stitching. Tailored for the Government Official in Michigan, this tool addresses the unique challenge of transmitting inter-agency memos. Uphold classified information protocols and protect your clients' interests with every document processed."
Michigan,Government Official,Word to PDF,"Streamline your workflow without compromising on classified information protocols. Our Word to PDF utility allows every Michigan-based Government Official to preserve formatting and prevent unauthorized editing of contracts. It is the ultimate utility for transmitting inter-agency memos, ensuring your practice stays official and efficient."
Michigan,Government Official,Compress PDF,"Securely optimize your critical files using advanced lossless compression algorithms. Tailored for the Government Official in Michigan, this tool addresses the unique challenge of transmitting inter-agency memos. Uphold classified information protocols and protect your clients' interests with every document processed."
Michigan,Government Official,Split PDF,"Securely extract your critical files using advanced precision page extraction. Tailored for the Government Official in Michigan, this tool addresses the unique challenge of transmitting inter-agency memos. Uphold classified information protocols and protect your clients' interests with every document processed."
Michigan,Government Official,OCR PDF,"Securely digitize your critical files using advanced optical character recognition. Tailored for the Government Official in Michigan, this tool addresses the unique challenge of transmitting inter-agency memos. Uphold classified information protocols and protect your clients' interests with every document processed."
Michigan,R&D Scientist,Encrypt PDF,"Streamline your workflow without compromising on IP protection laws. Our Encrypt PDF utility allows every Michigan-based R&D Scientist to ensure only authorized personnel can access sensitive files. It is the ultimate utility for documenting patent findings, ensuring your practice stays proprietary and efficient."
Michigan,R&D Scientist,Merge PDF,"Streamline your workflow without compromising on IP protection laws. Our Merge PDF utility allows every Michigan-based R&D Scientist to combine scattered evidence and reports into a single cohesive dossier. It is the ultimate utility for documenting patent findings, ensuring your practice stays proprietary and efficient."
Michigan,R&D Scientist,Word to PDF,"For professional R&D Scientists in Michigan, maintaining IP protection laws is non-negotiable. Use our Word to PDF tool to preserve formatting and prevent unauthorized editing of contracts. Whether you are documenting patent findings or archiving records, ensure your workflow remains proprietary."
Michigan,R&D Scientist,Compress PDF,"In the high-stakes world of Michigan's intellectual property theft prevention sector, a R&D Scientist cannot risk data breaches. Effectively optimize your documents with our Compress PDF solution. Designed for documenting patent findings, it guarantees that specific IP protection laws standards are met."
Michigan,R&D Scientist,Split PDF,"In the high-stakes world of Michigan's intellectual property theft prevention sector, a R&D Scientist cannot risk data breaches. Effectively extract your documents with our Split PDF solution. Designed for documenting patent findings, it guarantees that specific IP protection laws standards are met."
Michigan,R&D Scientist,OCR PDF,"Securely digitize your critical files using advanced optical character recognition. Tailored for the R&D Scientist in Michigan, this tool addresses the unique challenge of documenting patent findings. Uphold IP protection laws and protect your clients' interests with every document processed."
Michigan,Journalist,Encrypt PDF,"In the high-stakes world of Michigan's freedom of press safety sector, a Journalist cannot risk data breaches. Effectively secure your documents with our Encrypt PDF solution. Designed for protecting whistleblowers, it guarantees that specific Source Protection principals standards are met."
Michigan,Journalist,Merge PDF,"In the high-stakes world of Michigan's freedom of press safety sector, a Journalist cannot risk data breaches. Effectively consolidate your documents with our Merge PDF solution. Designed for protecting whistleblowers, it guarantees that specific Source Protection principals standards are met."
Michigan,Journalist,Word to PDF,"In the high-stakes world of Michigan's freedom of press safety sector, a Journalist cannot risk data breaches. Effectively convert your documents with our Word to PDF solution. Designed for protecting whistleblowers, it guarantees that specific Source Protection principals standards are met."
Michigan,Journalist,Compress PDF,"In the high-stakes world of Michigan's freedom of press safety sector, a Journalist cannot risk data breaches. Effectively optimize your documents with our Compress PDF solution. Designed for protecting whistleblowers, it guarantees that specific Source Protection principals standards are met."
Michigan,Journalist,Split PDF,"In the high-stakes world of Michigan's freedom of press safety sector, a Journalist cannot risk data breaches. Effectively extract your documents with our Split PDF solution. Designed for protecting whistleblowers, it guarantees that specific Source Protection principals standards are met."
Michigan,Journalist,OCR PDF,"In the high-stakes world of Michigan's freedom of press safety sector, a Journalist cannot risk data breaches. Effectively digitize your documents with our OCR PDF solution. Designed for protecting whistleblowers, it guarantees that specific Source Protection principals standards are met."
